nombre_completo_cursada,profesores,enlace
100KStrongAmericas: UNMdP-UWPLATT International Exchange Project for Energy Efficiency Education,,https://ingenieria.campus.mdp.edu.ar/course/view.php?id=1403
Acceso Abierto a la Información en la Sociedad del Conocimiento,,https://ingenieria.campus.mdp.edu.ar/course/view.php?id=1509
Administración Empresarial en la Economía del Conocimiento (ING8401) / Organización y Dirección Industrial (865) Alias 2,NOELIA ANAHI GARCIA; CAROLINA MONTAÑA (Administración DII); OSCAR ANTONIO MORCELA; FERNANDO ATILIO ZAGNONI,https://ingenieria.campus.mdp.edu.ar/course/view.php?id=1596
Administración de Operaciones (8301)/ Organización y Dirección Industrial I (848),JACQUELINE ANDREA BOUNOURE; JORGE EMILIANO FUERTES; GUILLERMO DANIEL HENDERSON; JOSE ISAAC MELIAN; CAROLINA MONTAÑA (Administración DII),https://ingenieria.campus.mdp.edu.ar/course/view.php?id=1585
Administración de Recursos Humanos (839) / Comportamiento Organizacional y Relaciones del Trabajo (8402),MARIA VELIA ARTIGAS; MELISA ANDREA GLESSI; LUCIANA SOLEDAD SANTILLE,https://ingenieria.campus.mdp.edu.ar/course/view.php?id=1430
Alimentación consciente y saludable: la incorporación del pescado en el menú escolar,,https://ingenieria.campus.mdp.edu.ar/course/view.php?id=1393
Análisis Numérico para Ingeniería (Plan 2003),FRANCISCO JOSE ALVAREZ; FRANCISCO ANGEL JOSE LIZARRALDE; Lucas David Matilla; LUCAS SANCHEZ FELLAY; MARCOS FERNANDO TORRES RASMUSSEN,https://ingenieria.campus.mdp.edu.ar/course/view.php?id=1603
Análisis de Redes y su Impacto Frente a la Generación Distribuida Renovable,,https://ingenieria.campus.mdp.edu.ar/course/view.php?id=1511
Análisis sensorial y estilos de cerveza,IGNACIO DURRUTY; LORENA PAOLA MANFREDI,https://ingenieria.campus.mdp.edu.ar/course/view.php?id=1400
Análisis y Diseño de Sistemas B (Plan 2024) / Análisis y Diseño de Sistemas II (Plan 2010),SRECKO ESTANISLAO MILETA; GALIA CAROLINA SERRUYA; PEDRO FERNANDO SORIANO,https://ingenieria.campus.mdp.edu.ar/course/view.php?id=1287
Análisis y Diseño de Tareas para el Desarrollo de Competencias en Ingeniería desde el Área de Matemática,,https://ingenieria.campus.mdp.edu.ar/course/view.php?id=1153
Aprendizaje Organizacional (8510),,https://ingenieria.campus.mdp.edu.ar/course/view.php?id=1584
Arquitectura de Computadoras (Plan 2024) / Arquitectura y Organización de Computadoras (Plan 2010),WALTER ANDRES GEMIN; MELISA GISELE KUZMAN; LUCIANO VERGAGNI SOBRAL,https://ingenieria.campus.mdp.edu.ar/course/view.php?id=1218
Aspectos Químicos de la Degradación de Polímeros (Optativa),DAVID ALBERTO D'AMICO; CRISTINA ELENA HOPPE,https://ingenieria.campus.mdp.edu.ar/course/view.php?id=1711
Aula virtual de Práctica,,https://ingenieria.campus.mdp.edu.ar/course/view.php?id=1156
Automatización B (Plan 2024),GUSTAVO OSCAR BELLISKI; FRANCISCO DIEGO GARCIA,https://ingenieria.campus.mdp.edu.ar/course/view.php?id=1733
Automatización basada en Neumática e Hidráulica (Plan 2003),David Crovo; ROBERTO RAFAEL FERNANDEZ; IGNACIO SANTIAGO GARRONE; GUILLERMO JUAN PLUCHINO; RICARDO JAVIER ZUCAL,https://ingenieria.campus.mdp.edu.ar/course/view.php?id=1185
Balances de Masa y Energía (Plan 2024),GUILLERMINA CAPIEL; EMILIANO MANUEL CIANNAMEA; MARINA CZERNER; SANDRA SILVIA GONZALEZ; CINTIA MEIORIN; ANA DEL VALLE SANCHEZ; IRENE TERESITA SEOANE,https://ingenieria.campus.mdp.edu.ar/course/view.php?id=1296
Base de Datos,,https://ingenieria.campus.mdp.edu.ar/course/view.php?id=1533
Bioquímica de Alimentos (Plan 2024),MARIA ROBERTA ANSORENA; Ariel Gonzalez; LUCAS PAN,https://ingenieria.campus.mdp.edu.ar/course/view.php?id=1683
Bromatología (Plan 2003),SILVINA PAOLA AGUSTINELLI; VIVIANA PAOLA CYRAS; GABRIELA LEONOR SANCHEZ PASCUA,https://ingenieria.campus.mdp.edu.ar/course/view.php?id=1293
Buenas Prácticas de manejo aplicado a la Industria cervecera,IGNACIO DURRUTY; LORENA PAOLA MANFREDI,https://ingenieria.campus.mdp.edu.ar/course/view.php?id=1402
Calidad de Software A (Plan 2024) / Taller de Programación I (Plan 2010),PAULA MICAELA BONIFAZI AQUINO; LEONEL DOMINGO GUCCIONE; CARLOS GUILLERMO LAZZURRI; ADOLFO TOMAS SPINELLI,https://ingenieria.campus.mdp.edu.ar/course/view.php?id=1265
Calidad de la Energía Eléctrica,,https://ingenieria.campus.mdp.edu.ar/course/view.php?id=1506
Centrales Eléctricas I (Plan 2003),DANIEL ORLANDO ANAUT; ISRAEL JOAQUIN SANCHEZ; JUAN MANUEL VIGNERTE,https://ingenieria.campus.mdp.edu.ar/course/view.php?id=1379
Cerámica Industrial,MARIA ANDREA CAMERUCCI; LEANDRO ALFREDO RAMAJO; ANALIA GLADYS TOMBA MARTINEZ,https://ingenieria.campus.mdp.edu.ar/course/view.php?id=1346
Cerámicos,,https://ingenieria.campus.mdp.edu.ar/course/view.php?id=1481
Cinética de Reacciones de Polimerización (Plan 2003),WALTER FABIAN SCHROEDER; JUAN PABLO TOMBA,https://ingenieria.campus.mdp.edu.ar/course/view.php?id=1330
Circuitos Digitales (Plan 2024),SERGIO GABRIEL LUVONI; LUCIANO VERGAGNI SOBRAL,https://ingenieria.campus.mdp.edu.ar/course/view.php?id=1720
Coaching Organizacional (873)-Coaching Empresarial (8511),MARIA VICTORIA D'ONOFRIO; CAROLINA MONTAÑA (Administración DII); PAOLA PRESTES,https://ingenieria.campus.mdp.edu.ar/course/view.php?id=1418
Coloquio Química del Carbono,GUSTAVO ABEL ABRAHAM,https://ingenieria.campus.mdp.edu.ar/course/view.php?id=1613
Coloquio de Química Inorgánica (Plan 2024),SILVESTRE MANUEL BONGIOVANNI ABEL; PABLO MARTIN BOTTA; SILVIA MARCELA CERE; PAULA MARIELA DESIMONE; LILIANA BEATRIZ MANFREDI; Raúl Ariel Procaccini,https://ingenieria.campus.mdp.edu.ar/course/view.php?id=1548
Comportamiento Organizacional,MARIA VELIA ARTIGAS; LUCIANA SOLEDAD SANTILLE,https://ingenieria.campus.mdp.edu.ar/course/view.php?id=1417
Comunicaciones Analógicas (Plan 2003),Ramiro Avalos Ribas; JUAN ALBERTO ETCHEVERRY; ALEJANDRO JOSE URIZ,https://ingenieria.campus.mdp.edu.ar/course/view.php?id=1233
Control Discreto (Plan 2024),ESTEFANY GABRIELA CUJANO AYALA; PATRICIO GABRIEL DONATO; SEBASTIAN OSCAR MAESTRI,https://ingenieria.campus.mdp.edu.ar/course/view.php?id=1742
Control Numérico (Plan 2003),AMADEO DANIEL SOSA,https://ingenieria.campus.mdp.edu.ar/course/view.php?id=1168
Control de calidad y microbiología,IGNACIO DURRUTY; LORENA PAOLA MANFREDI,https://ingenieria.campus.mdp.edu.ar/course/view.php?id=1401
Convertidores Electrónicos de Potencia,,https://ingenieria.campus.mdp.edu.ar/course/view.php?id=1504
Curso de Manipulación de Alimentos,,https://ingenieria.campus.mdp.edu.ar/course/view.php?id=1478
Curso de extension,,https://ingenieria.campus.mdp.edu.ar/course/view.php?id=1397
"Del Micelio al Mercado: Cultivo de Hongos Comestibles y Medicinales a Pequeña Escala: “Cultivá Hongos, Cultivá Oportunidades”",MELISSA CELESTE AGUIRRALDE; IGNACIO DURRUTY; ESTEBAN ESPINOSA VIDAL; ERIKA ALEJANDRA WOLSKI,https://ingenieria.campus.mdp.edu.ar/course/view.php?id=1740
Demandas y Acciones - COVID-19,,https://ingenieria.campus.mdp.edu.ar/course/view.php?id=1394
Departamento de Electrónica y Computación,MARIA ALEJANDRA RIVERO; ADRIANA GABRIELA SCANDURRA; ALEJANDRO JOSE URIZ,https://ingenieria.campus.mdp.edu.ar/course/view.php?id=1679
Desarrollo de Proyectos de Planificación Comercial (874),RICARDO DANIEL DE ELORZA; CAROLINA MONTAÑA (Administración DII); GONZALO EZEQUIEL RANA,https://ingenieria.campus.mdp.edu.ar/course/view.php?id=1440
Dinámica y Control de Procesos / Control en Industrias de Alimentos,JESICA MICAELA HERRERA; MELINA KLOSTER; ANA DEL VALLE SANCHEZ; ILEANA ALICIA ZUCCHI,https://ingenieria.campus.mdp.edu.ar/course/view.php?id=1312
Diseño Digital con Microcontroladores (Planes 2003-2010),CRISTIAN EMANUEL ORDOÑEZ,https://ingenieria.campus.mdp.edu.ar/course/view.php?id=1244
Diseño Digital con Técnicas de Alto Nivel y Principios de Diseño VLSI (Planes 2003-2010),LUCAS ANDRES RABIOGLIO; EZEQUIEL DARIO RODRIGUEZ,https://ingenieria.campus.mdp.edu.ar/course/view.php?id=1236
Diseño de Arquitecturas de Software (Planes 2010 y 2024),SRECKO ESTANISLAO MILETA; PEDRO FERNANDO SORIANO,https://ingenieria.campus.mdp.edu.ar/course/view.php?id=1601
Diseño de Circuitos en Microondas (Planes 2003-2010),Ramiro Avalos Ribas; JORGE CASTIÑEIRA MOREIRA,https://ingenieria.campus.mdp.edu.ar/course/view.php?id=1254
Diseño y Aplicaciones con Tecnologías IoT (Planes 2003-2010),WALTER ANDRES GEMIN; RODRIGO EZEQUIEL RUSSO,https://ingenieria.campus.mdp.edu.ar/course/view.php?id=1256
Dispositivos Electrónicos (Plan 2003),LEONARDO JOSE ARNONE; NOELIA INES ECHEVERRIA; CARLOS MARTIN ORALLO,https://ingenieria.campus.mdp.edu.ar/course/view.php?id=1238
Dispositivos Semiconductures (Plan 2024),LEONARDO JOSE ARNONE; CARLOS MARTIN ORALLO,https://ingenieria.campus.mdp.edu.ar/course/view.php?id=1714
Dispositivos y Circuitos Electrónicos (Plan 2024),LEONARDO JOSE ARNONE; CLAUDIO MARCELO GONZALEZ; SEBASTIAN OSCAR MAESTRI; EZEQUIEL DARIO RODRIGUEZ,https://ingenieria.campus.mdp.edu.ar/course/view.php?id=1248
Distribución de la Energía Eléctrica (Plan 2003),GUILLERMO FABIAN DI MAURO,https://ingenieria.campus.mdp.edu.ar/course/view.php?id=1386
E01 - Fisiología Ambiental y del Trabajo,,https://ingenieria.campus.mdp.edu.ar/course/view.php?id=1467
E02 - Radiofísica Sanitaria,,https://ingenieria.campus.mdp.edu.ar/course/view.php?id=1464
E03 - Contaminación del Ambiente de Trabajo,,https://ingenieria.campus.mdp.edu.ar/course/view.php?id=1463
E04 - Ruídos y Vibraciones,,https://ingenieria.campus.mdp.edu.ar/course/view.php?id=1461
E05 - Ventilación,,https://ingenieria.campus.mdp.edu.ar/course/view.php?id=1458
E06 - Tratamiento de Efluentes y Desechos,,https://ingenieria.campus.mdp.edu.ar/course/view.php?id=1457
E07 - Riesgo Eléctrico,,https://ingenieria.campus.mdp.edu.ar/course/view.php?id=1456
E08 - Iluminación,,https://ingenieria.campus.mdp.edu.ar/course/view.php?id=1455
E09 - Teoría de la Prevención de Accidentes y Educación para la Seguridad,,https://ingenieria.campus.mdp.edu.ar/course/view.php?id=1454
E10 - Organización para la Seguridad,,https://ingenieria.campus.mdp.edu.ar/course/view.php?id=1453
E11 - Prevención de Incendios y Explosiones,,https://ingenieria.campus.mdp.edu.ar/course/view.php?id=1466
E12 - Toxicología,,https://ingenieria.campus.mdp.edu.ar/course/view.php?id=1465
E13 - Riesgos Mecánicos y Seguridad en la Construcción,,https://ingenieria.campus.mdp.edu.ar/course/view.php?id=1462
E14 - Legislación,,https://ingenieria.campus.mdp.edu.ar/course/view.php?id=1460
E15 - Gestión de la Calidad,,https://ingenieria.campus.mdp.edu.ar/course/view.php?id=1459
E16 - Trabajo Final de CEHYST,,https://ingenieria.campus.mdp.edu.ar/course/view.php?id=1468
EVALUACIÓN CUARTO NIVEL DE INGLÉS,SANDRA SILVIA GONZALEZ; Fiorela María LUNGHI; FLORENCIA ELIANA VASQUE; Omar Gustavo Zabaleta,https://ingenieria.campus.mdp.edu.ar/course/view.php?id=1158
Economía Emprendedora y Solidaria,,https://ingenieria.campus.mdp.edu.ar/course/view.php?id=1470
Economía Social y Solidaria para el Desarrollo Regional,,https://ingenieria.campus.mdp.edu.ar/course/view.php?id=1472
Economía para Ingeniería(Plan 2024) - Economía General (Plan 2003),FEDERICO CAMINO; PABLO ARIEL DELMONTE; ALBERTO MANUEL LOPEZ; CAROLINA MONTAÑA (Administración DII),https://ingenieria.campus.mdp.edu.ar/course/view.php?id=1442
Electrotecnia 1 (3E1) (Plan 2003),GUSTAVO OSCAR BELLISKI; GABRIEL ERCORECA; GUSTAVO LUIS FERRO; JUSTO JOSÉ ROBERTS; GUILLERMO NICOLAS SANTINI; MARTIN NAHUEL SERNA,https://ingenieria.campus.mdp.edu.ar/course/view.php?id=1366
Electrotecnia 3 (3E3) (Plan 2003),GABRIEL ERCORECA; GUSTAVO LUIS FERRO; JUSTO JOSÉ ROBERTS,https://ingenieria.campus.mdp.edu.ar/course/view.php?id=1384
Electrotecnia B (ING3202) (Plan 2024),GABRIEL ERCORECA; JUSTO JOSÉ ROBERTS,https://ingenieria.campus.mdp.edu.ar/course/view.php?id=1590
Electrotecnia C (ING3203) (Plan 2024),GABRIEL ERCORECA; GUSTAVO LUIS FERRO; JUAN FRANCISCO MARTINEZ; JUSTO JOSÉ ROBERTS,https://ingenieria.campus.mdp.edu.ar/course/view.php?id=1574
Electrotecnia General (3E4) (Plan 2003),GUSTAVO LUIS FERRO; RAUL EDUARDO LOPRESTI,https://ingenieria.campus.mdp.edu.ar/course/view.php?id=1385
Electrónica Aplicada (Plan 2024) / Circuitos Electrónicos I (Plan 2003),JULIAN ANTONACCI; CLAUDIO MARCELO GONZALEZ; MARIANO DAMIAN MOREL,https://ingenieria.campus.mdp.edu.ar/course/view.php?id=1234
Electrónica Digital (Plan 2024) / Técnicas y Dispositivos Digitales I (Plan 2003),MARIA CELESTE CEBEDIO; LUCIANA DE MICCO; LUCAS ANDRES RABIOGLIO,https://ingenieria.campus.mdp.edu.ar/course/view.php?id=1224
Elementos de Máquinas (Plan 2024),Gonzalo Martín Bascones; ROBERTO RAFAEL FERNANDEZ; ISAIAS VIDAL; RICARDO JAVIER ZUCAL,https://ingenieria.campus.mdp.edu.ar/course/view.php?id=1684
Energía Eólica,,https://ingenieria.campus.mdp.edu.ar/course/view.php?id=1499
Energía Eólica,ROBERTO RAFAEL FERNANDEZ,https://ingenieria.campus.mdp.edu.ar/course/view.php?id=1730
Energía Fotovoltaica,,https://ingenieria.campus.mdp.edu.ar/course/view.php?id=1498
"Energía Solar Térmica para ACS, nivel 1",,https://ingenieria.campus.mdp.edu.ar/course/view.php?id=1728
"Energía Solar Térmica para ACS, nivel 2",ROBERTO RAFAEL FERNANDEZ,https://ingenieria.campus.mdp.edu.ar/course/view.php?id=1729
Energías Alternativas Termomecánicas (Plan 2003),ROBERTO RAFAEL FERNANDEZ; ISAIAS VIDAL; RICARDO JAVIER ZUCAL,https://ingenieria.campus.mdp.edu.ar/course/view.php?id=1201
"Energías Renovables, su conocimiento y utilización",ROBERTO RAFAEL FERNANDEZ,https://ingenieria.campus.mdp.edu.ar/course/view.php?id=1727
Equipo de Apoyo Curricular,,https://ingenieria.campus.mdp.edu.ar/course/view.php?id=1152
Estrategias de Selección de Materiales,,https://ingenieria.campus.mdp.edu.ar/course/view.php?id=1482
Estrategias para Productos de Software (Optativa) (Plan 2024),SRECKO ESTANISLAO MILETA; PEDRO FERNANDO SORIANO,https://ingenieria.campus.mdp.edu.ar/course/view.php?id=1746
Estructura y Organización de Datos (Plan 2024),VALERIA ALEJANDRA DI CROCE; HERNAN HINOJAL; Franco Kühn; AUGUSTO MALETTA; CARLOS ALBERTO RICO,https://ingenieria.campus.mdp.edu.ar/course/view.php?id=1707
Estática I (Plan 2024) / Mecánica del Continuo (Plan 2003),Abigail Araujo; MIRCO DANIEL CHAPETTI; STEFANIA D'AMICO; HERNAN GUILLERMO KUNERT; Matthäus Davi POPOV PEREIRA DA CUNHA,https://ingenieria.campus.mdp.edu.ar/course/view.php?id=1174
Exploración de Datos para Inteligencia Competitiva (8804) / Introducción a la Ciencia de Datos (8520),ALEJANDRA MARIA ESTEBAN; CAROLINA MONTAÑA (Administración DII); JOSE IGNACIO NICOLAO GARCIA,https://ingenieria.campus.mdp.edu.ar/course/view.php?id=1429
Fenómenos de Transporte,GABRIELA CLARISA CAMPOS; MIRIAM SUSANA CASTRO; FLORENCIA MONTINI BALLARIN; AGUSTIN EMILIO SISAMON,https://ingenieria.campus.mdp.edu.ar/course/view.php?id=1334
Filtros Analógicos (Plan 2024) / Teoría de Redes II (Plan 2003),ESTEFANY GABRIELA CUJANO AYALA; MARCELO NICOLAS GUZMAN; ADRIANA GABRIELA SCANDURRA,https://ingenieria.campus.mdp.edu.ar/course/view.php?id=1239
Fisicoquímica II (Plan 2024),ROMINA DI IORIO; MARIA VICTORIA FERRARO; GIANINA  ANDREA KLOSTER; LUCIANA MALBOS; MARIA DE LA PAZ MIGUEL; LUCIA YOHAI DEL CERRO,https://ingenieria.campus.mdp.edu.ar/course/view.php?id=1665
Fluidodinámica (Plan 2024),AGUSTIN EMILIO SISAMON,https://ingenieria.campus.mdp.edu.ar/course/view.php?id=1749
Fundamentos de Comunicaciones Digitales (Planes 2024 y 2010),JORGE CASTIÑEIRA MOREIRA; MATIAS NICOLAS HADAD,https://ingenieria.campus.mdp.edu.ar/course/view.php?id=1231
Fundamentos de Metalurgia Física (Plan 2024),LUIS EDUARDO JAVIER AMATO; LISANDRO ESCALADA,https://ingenieria.campus.mdp.edu.ar/course/view.php?id=1743
Fundamentos de Nanotecnología Aplicada a Materiales,GUSTAVO ABEL ABRAHAM; SILVESTRE MANUEL BONGIOVANNI ABEL; Raúl Ariel Procaccini,https://ingenieria.campus.mdp.edu.ar/course/view.php?id=1612
Fundamentos de Química - Alias 1 - 2do cuatrimestre (Plan 2024),YANINA BELEN FARIAS; MARIA PAULA GIACOMINI; LUCAS PAN; MARIA FLORENCIA SILVA BARNI; MARIA VICTORIA URANGA WASSERMANN; MARIA BEATRIZ VALCARCE,https://ingenieria.campus.mdp.edu.ar/course/view.php?id=1554
Fundamentos de Química - Alias 2 - 2do Cuatrimestre 2026 (Plan 2024),PABLO MARTIN BOTTA; Ana Divito; LILIANA BEATRIZ MANFREDI; Raúl Ariel Procaccini; MARIA LAURA SANDOVAL; Ruth Schmarsow,https://ingenieria.campus.mdp.edu.ar/course/view.php?id=1706
Fundamentos de Química - Alias 2 - 2do cuatrimestre (Plan 2024),ROCÍO CATALINA ALTAMIRANDA; MELISA BERENICE BONICA; PABLO MARTIN BOTTA; YANINA BELEN FARIAS; FLORENCIA GONZALEZ RICCO; LILIANA BEATRIZ MANFREDI; Raúl Ariel Procaccini; MARIA LAURA SANDOVAL; MARIA BEATRIZ VALCARCE,https://ingenieria.campus.mdp.edu.ar/course/view.php?id=1555
Fundamentos de Química - Alias 3 (Plan 2024),FABIAN ALEJANDRO BUFFA; JUAN MANUEL BUFFA; VANESA MUÑOZ; MARCO JULIO SANCHEZ; MARIA LAURA SANDOVAL; Ruth Schmarsow,https://ingenieria.campus.mdp.edu.ar/course/view.php?id=1547
Fundamentos de Química - Alias 4 (Plan 2024),ROCÍO CATALINA ALTAMIRANDA; Ana Divito; Emilia Islas; Marita Naser; MARIA VICTORIA URANGA WASSERMANN; MARIA BEATRIZ VALCARCE; ERIKA ALEJANDRA WOLSKI,https://ingenieria.campus.mdp.edu.ar/course/view.php?id=1545
Fundamentos de Sistemas Operativos (Plan 2024) / Sistemas Operativos (Plan 2010),BRUNO EDUARDO NICOLA CONSTANZO; ANA HAYDEE DI IORIO; VALENTINA FERNANDEZ; ROBERTO GIORDANO LERENA,https://ingenieria.campus.mdp.edu.ar/course/view.php?id=1282
Fundamentos de la programación I,,https://ingenieria.campus.mdp.edu.ar/course/view.php?id=1558
Fundamentos de los Lenguajes Formales (Plan 2024) / Lenguajes Formales (Plan 2010),SANDRA CIRIMELO; CLAUDIO JOSE GEA; JUAN IGNACIO ITURRIAGA,https://ingenieria.campus.mdp.edu.ar/course/view.php?id=1277
Fundamentos del Videojuego,,https://ingenieria.campus.mdp.edu.ar/course/view.php?id=1556
Física A - Turno Mañana,NATALIA VANESA BARTELS; CARMEN BENITEZ; MARIA ALEJANDRA TINTORI FERREIRA,https://ingenieria.campus.mdp.edu.ar/course/view.php?id=1260
Física A - Turno Tarde,PABLO ACOSTA HAAB; JUAN CARLOS RODRIGUEZ; ESTEBAN GUILLERMO SZIGETY,https://ingenieria.campus.mdp.edu.ar/course/view.php?id=1259
Física de los Semiconductores,JUAN PABLO BARRANGU; Omar Gustavo Zabaleta,https://ingenieria.campus.mdp.edu.ar/course/view.php?id=1258
G01 - Introducción: dinámica de la innovación,,https://ingenieria.campus.mdp.edu.ar/course/view.php?id=1485
G02 - Economía de la innovación y del conocimiento,,https://ingenieria.campus.mdp.edu.ar/course/view.php?id=1486
G03 - Estrategias y ámbitos de la innovación,,https://ingenieria.campus.mdp.edu.ar/course/view.php?id=1487
G04 - Competitividad Industrial,,https://ingenieria.campus.mdp.edu.ar/course/view.php?id=1488
G05 - Marketing de las organizaciones industriales y tecnológicas.,,https://ingenieria.campus.mdp.edu.ar/course/view.php?id=1489
"G06 - Desarrollo local y regional. Teoría, políticas y estrategias",,https://ingenieria.campus.mdp.edu.ar/course/view.php?id=1490
G07 - Organizaciones innovadoras orientadas al conocimiento.,,https://ingenieria.campus.mdp.edu.ar/course/view.php?id=1491
G08 - Gestión estratégica del conocimiento. Diseño e implantación de sistemas.,,https://ingenieria.campus.mdp.edu.ar/course/view.php?id=1492
G09 - Gestión de la innovación y la tecnología,,https://ingenieria.campus.mdp.edu.ar/course/view.php?id=1493
G10 - Desarrollo emprendedor y la creación de empresas de base tecnológica.,,https://ingenieria.campus.mdp.edu.ar/course/view.php?id=1496
G11 - Política Científica Tecnológica e Industrial,,https://ingenieria.campus.mdp.edu.ar/course/view.php?id=1494
G12 - Taller de Trabajo Final Integrador GTEC,,https://ingenieria.campus.mdp.edu.ar/course/view.php?id=1495
Gestion de la Tecnologia y de la Innovacion 1,FRANCISCO JOSE ALVAREZ; GUILLERMO ALFREDO LOMBERA,https://ingenieria.campus.mdp.edu.ar/course/view.php?id=1644
Gestión Ambiental (832),MARIELA BEATRIZ AMBRUSTOLO; MARINA ALEJANDRA MIGUELES; CAROLINA MONTAÑA (Administración DII),https://ingenieria.campus.mdp.edu.ar/course/view.php?id=1431
Gestión Emprendedora y de la Creatividad - 3ra Cohorte,FRANCISCO JOSE ALVAREZ; PABLO SELA,https://ingenieria.campus.mdp.edu.ar/course/view.php?id=1691
Gestión de Costo y Presupuesto en Proyecto,Anibal Norberto Cassanelli; PABLO CESAR CATTANEO,https://ingenieria.campus.mdp.edu.ar/course/view.php?id=1537
Gestión de Procesos en la Industria de Alimentos (Plan 2003),GERARDO CHECMAREV; REINA DEL PILAR JACINTO HIDALGO,https://ingenieria.campus.mdp.edu.ar/course/view.php?id=1311
Gestión de Propiedad Intelectual,,https://ingenieria.campus.mdp.edu.ar/course/view.php?id=1508
Gestión de Proyectos Informáticos (Plan 2024) (Optativa Plan 2003),ROBERTO GIORDANO LERENA; CRISTIAN ARIEL REMON; AGUSTIN ALFREDO ROJAS,https://ingenieria.campus.mdp.edu.ar/course/view.php?id=1753
Gestión de Proyectos Sociales,,https://ingenieria.campus.mdp.edu.ar/course/view.php?id=1469
Gestión de Proyectos de Energía,,https://ingenieria.campus.mdp.edu.ar/course/view.php?id=1500
"Gestión de Proyectos, Riesgos e Incertidumbre",FRANCISCO JOSE ALVAREZ; Anibal Norberto Cassanelli; JUAN FRANCISCO GARCÍA DÍAZ,https://ingenieria.campus.mdp.edu.ar/course/view.php?id=1738
Gestión de la Calidad (828) /Sistemas de Gestión y Mejora Continua (8311),MARIELA BEATRIZ AMBRUSTOLO; MARIA BETINA BERARDI; MARINA ALEJANDRA MIGUELES; CAROLINA MONTAÑA (Administración DII),https://ingenieria.campus.mdp.edu.ar/course/view.php?id=1432
Gestión de la Innovación Tecnológica e Industrial (867)/ Gestión de la Tecnología y la Innovación (8308),FABRICIO MARIO BASSO; MARIO CISNEROS; CAROLINA MONTAÑA (Administración DII),https://ingenieria.campus.mdp.edu.ar/course/view.php?id=1433
Gestión de la Tecnología y de la Innovación 2: Gestión de la Innovación,FRANCISCO JOSE ALVAREZ; HERNÁN BACARINI; JUAN FRANCISCO GARCÍA DÍAZ,https://ingenieria.campus.mdp.edu.ar/course/view.php?id=1725
Gestión de prácticas socio comunitarias,,https://ingenieria.campus.mdp.edu.ar/course/view.php?id=1476
Gestión del Conocimiento y Propiedad Intelectual,FRANCISCO JOSE ALVAREZ; STELLA MARIS TASSI,https://ingenieria.campus.mdp.edu.ar/course/view.php?id=1735
Gestión y Uso Eficiente de la Energía,,https://ingenieria.campus.mdp.edu.ar/course/view.php?id=1503
Hacer Ingeniería,,https://ingenieria.campus.mdp.edu.ar/course/view.php?id=1471
Hands on IoT,WALTER ANDRES GEMIN; RODRIGO EZEQUIEL RUSSO,https://ingenieria.campus.mdp.edu.ar/course/view.php?id=1529
Herramientas para la virtualidad,,https://ingenieria.campus.mdp.edu.ar/course/view.php?id=1154
Historia de la Ciencia,,https://ingenieria.campus.mdp.edu.ar/course/view.php?id=1502
Información General de la Diplomatura,,https://ingenieria.campus.mdp.edu.ar/course/view.php?id=1731
Ingeniería Económica para empresas industriales y de servicios (875) /  Formulación y Evaluación de Proyectos (8305),FEDERICO CAMINO; GUILLERMO ADRIAN CARRIZO; PABLO ARIEL DELMONTE; LILIANA BEATRIZ GADALETA; LEANDRO LENZI; ALBERTO MANUEL LOPEZ; RICARDO MANUEL MASSANO; CAROLINA MONTAÑA (Administración DII),https://ingenieria.campus.mdp.edu.ar/course/view.php?id=1445
Ingeniería de Productos Pesqueros-AUSAL,SILVINA PAOLA AGUSTINELLI; MARIA VICTORIA ALVAREZ; MARINA CZERNER; MARIA GABRIELA GOÑI; SILVINA PEREZ; MARIANINA PEREZ CENCI; GABRIELA LEONOR SANCHEZ PASCUA; ALEJANDRA TOMAC,https://ingenieria.campus.mdp.edu.ar/course/view.php?id=1301
Ingeniería de Sistemas de Procesos (Plan 2024),Bianca Bietti Managó; MARÍA VICTORIA DEL PÓPOLO GRZONA; JESICA MICAELA HERRERA; IRENE TERESITA SEOANE; EZEQUIEL RODOLFO SOULE,https://ingenieria.campus.mdp.edu.ar/course/view.php?id=1741
Ingeniería de Videojuegos (Plan 2010),Franco Kühn; ADOLFO TOMAS SPINELLI,https://ingenieria.campus.mdp.edu.ar/course/view.php?id=1269
Ingeniería de las Reacciones Heterogéneas (Plan 2003),ROMINA DI IORIO; LAURA ALEJANDRA FASCE; GIANINA  ANDREA KLOSTER; IRENE TERESITA SEOANE,https://ingenieria.campus.mdp.edu.ar/course/view.php?id=1294
Ingeniería y Calidad de Vida: el surgimiento de la Bioingeniería,,https://ingenieria.campus.mdp.edu.ar/course/view.php?id=1473
Instalaciones Eléctricas A (Plan 2024) / Instalaciones Eléctricas I (Plan 2003),HERNÁN DARÍO ANTERO; GUSTAVO EDUARDO FERNANDEZ; RUBEN OSVALDO FERREYRA; GUILLERMO JOSE MURCIA; JORGE LUIS STRACK; LUIS GABRIEL VESUBIO; RUBEN ADRIAN ZUANETTI,https://ingenieria.campus.mdp.edu.ar/course/view.php?id=1380
Instalaciones Industriales (864) / DIseño de Instalaciones y Procesos (8303),JULIO CESAR BRANDA; CAROLINA MONTAÑA (Administración DII); EDGARDO AGUSTIN MUSUMECI; JUAN PABLO VIGNOLO,https://ingenieria.campus.mdp.edu.ar/course/view.php?id=1421
Instrumentación Avanzada (3D4) (Plan 2003),GUILLERMO JOSE MURCIA; JORGE LUIS STRACK,https://ingenieria.campus.mdp.edu.ar/course/view.php?id=1573
Instrumentación Virtual (Planes 2003-2010),WALTER ANDRES GEMIN; MELISA GISELE KUZMAN,https://ingenieria.campus.mdp.edu.ar/course/view.php?id=1216
Inteligencia Computacional. Modelos de soporte a la toma de decisiones.,,https://ingenieria.campus.mdp.edu.ar/course/view.php?id=1513
Introducción a Polímeros Medioambiente y reciclado (Plan 2003),,https://ingenieria.campus.mdp.edu.ar/course/view.php?id=1324
Introducción a Polímeros( Plan 2024) / Química Macromolecular (Plan 2003),SILVANA VALERIA ASMUSSEN; GABRIELA CLARISA CAMPOS; VALERIA PETTARIN,https://ingenieria.campus.mdp.edu.ar/course/view.php?id=1345
Introducción a Prácticas Socio Comunitarias,JULIETA DEL HOYO; MARIA BELEN MENA,https://ingenieria.campus.mdp.edu.ar/course/view.php?id=1608
Introducción a la Bioingeniería (Planes 2003-2010),MARIELA AZUL GONZALEZ,https://ingenieria.campus.mdp.edu.ar/course/view.php?id=1208
Introducción a la Ciencia de los Materiales (Plan 2024),ADRIAN ALBERTO CRISTOBAL; MARIA JOSE GALANTE; MARIA  ROSA KATUNAR; LUCAS SANCHEZ FELLAY,https://ingenieria.campus.mdp.edu.ar/course/view.php?id=1325
Introducción a la Física del Estado Sólido (Plan 2024) / Física de la Materia Condensada (Plan 2003),CAMILA BUONO; DANIEL ALEJANDRO MIRABELLA,https://ingenieria.campus.mdp.edu.ar/course/view.php?id=1263
"Introducción a la Inteligencia Artificial: aplicaciones, herramientas y desafío",,https://ingenieria.campus.mdp.edu.ar/course/view.php?id=1398
Introducción a la Mecánica de los Fluidos (Planes 2003 y 2024),FAVIO ALEJANDRO CAMILLETTI; Marcos López; LUIS ALBERTO MINOTTO; DIEGO HERNAN SANTIAGO,https://ingenieria.campus.mdp.edu.ar/course/view.php?id=1198
Introducción a la Neurociencia e Inteligencia Artificial,,https://ingenieria.campus.mdp.edu.ar/course/view.php?id=1530
Introducción a la extensión universitaria,JULIETA DEL HOYO; MARIA BELEN MENA,https://ingenieria.campus.mdp.edu.ar/course/view.php?id=1474
Introducción a los Procesos de Fabricación  (plan 2024) / Tecnología de la Fabricación (Plan 2003),ALEJANDRO RAUL REUTEMANN,https://ingenieria.campus.mdp.edu.ar/course/view.php?id=1172
Introducción al Desempeño Profesional de la Ingeniería,ULISES MARTIN CASADO; PABLO EZEQUIEL MONTEMARTINI; MARCOS GABRIEL TISSERA,https://ingenieria.campus.mdp.edu.ar/course/view.php?id=1327
Introducción al Modelado Computacional (Plan 2024),ADRIAN PABLO CISILINO; LUCAS COLABELLA; NICOLAS SCHEGGIA,https://ingenieria.campus.mdp.edu.ar/course/view.php?id=1674
Introducción al análisis de riesgos en la inocuidad de alimentos,SILVINA PAOLA AGUSTINELLI; GABRIELA LEONOR SANCHEZ PASCUA,https://ingenieria.campus.mdp.edu.ar/course/view.php?id=1291
Investigación Operativa (822)/Investigación de Operaciones (8410),JEREMIAS JUAN ISPIZUA; CAROLINA MONTAÑA (Administración DII); NICOLAS AGUSTIN PALERMO; MARCOS GERMAN SCHUALLE; LUCIANA BELEN TABONE,https://ingenieria.campus.mdp.edu.ar/course/view.php?id=1422
Investigación Operativa A (8201),IGNACIO DANIEL BOLOQUY; ALEJANDRA MARIA ESTEBAN; CAROLINA MONTAÑA (Administración DII); JOSE IGNACIO NICOLAO GARCIA; ADOLFO EDUARDO ONAINE; MARCOS GERMAN SCHUALLE,https://ingenieria.campus.mdp.edu.ar/course/view.php?id=1582
Jornada de Ingeniería Industrial de puertas abiertas - 2025,MARIELA BEATRIZ AMBRUSTOLO; FABRICIO MARIO BASSO; MARIA BETINA BERARDI; MARIA VICTORIA D'ONOFRIO; ALEJANDRA MARIA ESTEBAN; MAURICIO JAVIER MACKENZIE; JOSE ISAAC MELIAN; MARINA ALEJANDRA MIGUELES; CAROLINA MONTAÑA (Administración DII); OSCAR ANTONIO MORCELA; PAOLA PRESTES; LUCIANA BELEN TABONE,https://ingenieria.campus.mdp.edu.ar/course/view.php?id=1452
Jornada de Ingeniería Industrial de puertas abiertas - 2026,MARIA VICTORIA D'ONOFRIO; CAROLINA MONTAÑA (Administración DII); OSCAR ANTONIO MORCELA,https://ingenieria.campus.mdp.edu.ar/course/view.php?id=1716
Laboratorio I,JUAN IGNACIO MORAN; Fabricio Pietrani; MARIA CAMILA QUINTANA; FEDERICO RUEDA,https://ingenieria.campus.mdp.edu.ar/course/view.php?id=1347
Laboratorio de Quimica de los Alimentos (Plan 2003),MARIA VICTORIA ALVAREZ; MARIA GABRIELA GOÑI; ALEJANDRA GRACIELA PONCE,https://ingenieria.campus.mdp.edu.ar/course/view.php?id=1331
Laboratorio de Química II (Plan 2003),GUSTAVO ABEL ABRAHAM; CARLOS GUSTAVO DIAZ; SANDRA SILVIA GONZALEZ,https://ingenieria.campus.mdp.edu.ar/course/view.php?id=1320
Laboratorio de Reactores y Control (Plan 2003),CANDELA ROCIO BARBISAN; NICOLAS CABOT; CARLA DI LUCA; IGNACIO DURRUTY; FRANCISCO DANIEL MARTINEZ; ANTONELA BEATRIZ OROFINO; FRANCO GONZALO REGALINI; JULIETA FABIENNE UICICH,https://ingenieria.campus.mdp.edu.ar/course/view.php?id=1326
Laboratorio de investigación 1,,https://ingenieria.campus.mdp.edu.ar/course/view.php?id=1524
Laboratorio de investigación 2,,https://ingenieria.campus.mdp.edu.ar/course/view.php?id=1525
Liderazgo y Responsabilidad Social (871) / Liderazgo y desarrollo Sostenible (8524),JUAN PABLO GRAMMATICO; MAURICIO JAVIER MACKENZIE; CAROLINA MONTAÑA (Administración DII),https://ingenieria.campus.mdp.edu.ar/course/view.php?id=1410
Logística (883) / Gestión de la Logísitica Integral y Cadena de Suministros (8307),MARIA BETINA BERARDI; ALBERTO MANUEL LOPEZ; CAROLINA MONTAÑA (Administración DII),https://ingenieria.campus.mdp.edu.ar/course/view.php?id=1436
Lógica en Programación,,https://ingenieria.campus.mdp.edu.ar/course/view.php?id=1531
Mantenimiento de Maquinas Eléctricas (Plan 2003),JORGE LUIS STRACK; OSCAR ALBERTO TREVISANI,https://ingenieria.campus.mdp.edu.ar/course/view.php?id=1376
Marco Regulatorio de la Energía Eléctrica,,https://ingenieria.campus.mdp.edu.ar/course/view.php?id=1505
Marketing Industrial (847) / Gestión Comercial de las Organizaciones (8306),RICARDO DANIEL DE ELORZA; CAROLINA MONTAÑA (Administración DII); CARLOS JOAQUIN NEGRI; GONZALO EZEQUIEL RANA,https://ingenieria.campus.mdp.edu.ar/course/view.php?id=1446
Matemática Avanzada,CARLOS ANTONIO CHIURO; GABRIELA MESSINEO,https://ingenieria.campus.mdp.edu.ar/course/view.php?id=1162
Materiales Electrocerámicos,MIRIAM SUSANA CASTRO,https://ingenieria.campus.mdp.edu.ar/course/view.php?id=1335
Materiales Eléctricos (Plan 2003),CARLOS ALBERTO AGUERO; LEONARDO DAVID NICOLINI; JUAN MANUEL VIGNERTE,https://ingenieria.campus.mdp.edu.ar/course/view.php?id=1383
Materiales Especiales,YUK MING XAVIER HUNG HUNG; LEANDRO ALFREDO RAMAJO,https://ingenieria.campus.mdp.edu.ar/course/view.php?id=1336
Materiales Estructurales (Plan 2024),BERNARDO DAGA; DIEGO OMAR FERNANDINO; MARIA PAULA GONZALEZ; YUK MING XAVIER HUNG HUNG; JUAN MIGUEL MASSONE,https://ingenieria.campus.mdp.edu.ar/course/view.php?id=1709
Materiales I (Plan 2024),LUIS EDUARDO JAVIER AMATO; ANIBAL CARLOS DI LUCH; DIEGO OMAR FERNANDINO; MARIA PAULA GONZALEZ; YUK MING XAVIER HUNG HUNG; JUAN MIGUEL MASSONE,https://ingenieria.campus.mdp.edu.ar/course/view.php?id=1678
Materiales II (Plan 2024),LUIS EDUARDO JAVIER AMATO; ROBERTO ENRIQUE BOERI; BERNARDO DAGA; PABLO HECTOR DAVID; ANIBAL CARLOS DI LUCH; RICARDO CESAR DOMMARCO; DIEGO OMAR FERNANDINO; MARIA PAULA GONZALEZ; NICOLAS ISPIZUA; ALEJO DANIEL MANDRI,https://ingenieria.campus.mdp.edu.ar/course/view.php?id=1722
Mecanica de Materiales y Componentes (Plan 2024),Abigail Araujo; HERNAN GUILLERMO KUNERT; ESTEBAN ENRIQUE RUBERTIS,https://ingenieria.campus.mdp.edu.ar/course/view.php?id=1719
Mecanismos de Integración Económica (840)/ Desarrollo Económico y Comercio Internacional (8418),MARIA VICTORIA D'ONOFRIO; MAURICIO JAVIER MACKENZIE; CAROLINA MONTAÑA (Administración DII),https://ingenieria.campus.mdp.edu.ar/course/view.php?id=1447
Mecanismos y Elementos de Maquinas (Plan 2003),Gonzalo Martín Bascones; ROBERTO RAFAEL FERNANDEZ; RICARDO JAVIER ZUCAL,https://ingenieria.campus.mdp.edu.ar/course/view.php?id=1184
Mecanismos y Elementos de la Mecánica (Plan 2024),AUGUSTO ALE; LAURENCIO PAEZ; ISAIAS VIDAL; Exequiel Zornetta; RICARDO JAVIER ZUCAL,https://ingenieria.campus.mdp.edu.ar/course/view.php?id=1597
Mecánica Computacional (Plan 2003),ADRIAN PABLO CISILINO; NICOLAS SCHEGGIA,https://ingenieria.campus.mdp.edu.ar/course/view.php?id=1173
Mecánica de la Partícula y del Cuerpo Rígido (Plan 2024) / Mecánica Racional (Plan 2003),,https://ingenieria.campus.mdp.edu.ar/course/view.php?id=1178
Mecánica del Sólido III (Plan 2003),ADRIAN PABLO CISILINO; NICOLAS SCHEGGIA,https://ingenieria.campus.mdp.edu.ar/course/view.php?id=1183
Mediciones Electrónicas (Plan 2003),MARCOS ALAN FUNES; CRISTIAN EMANUEL ORDOÑEZ; ESTEBAN AITOR ZAPIRAIN,https://ingenieria.campus.mdp.edu.ar/course/view.php?id=1228
Mediciones Eléctricas B (Plan 2024) / Mediciones Eléctricas II (Plan 2003),HERNÁN DARÍO ANTERO; JUAN FRANCISCO MARTINEZ; GUILLERMO JOSE MURCIA; JORGE LUIS STRACK; JUAN MANUEL VIGNERTE,https://ingenieria.campus.mdp.edu.ar/course/view.php?id=1389
Mercado Eléctrico,,https://ingenieria.campus.mdp.edu.ar/course/view.php?id=1501
Metales,RICARDO CESAR DOMMARCO; DIEGO OMAR FERNANDINO; ALEJO DANIEL MANDRI; JUAN MIGUEL MASSONE,https://ingenieria.campus.mdp.edu.ar/course/view.php?id=1480
Metalurgia Aplicada y Materiales (Plan 2003),LUIS EDUARDO JAVIER AMATO; ROBERTO ENRIQUE BOERI; BERNARDO DAGA; PABLO HECTOR DAVID; ANIBAL CARLOS DI LUCH; RICARDO CESAR DOMMARCO; DIEGO OMAR FERNANDINO; MARIA PAULA GONZALEZ; NICOLAS ISPIZUA; ALEJO DANIEL MANDRI,https://ingenieria.campus.mdp.edu.ar/course/view.php?id=1197
Metodologías de Resolución de Problemas Tecnológicos y de Gestión,PABLO ERNESTO AGUERRE; FRANCISCO JOSE ALVAREZ; ANTONIO ADRIAN ARCIENAGA MORALES,https://ingenieria.campus.mdp.edu.ar/course/view.php?id=1681
Metrología dimensional (Plan 2003),DIEGO COLOMBO; AMADEO DANIEL SOSA,https://ingenieria.campus.mdp.edu.ar/course/view.php?id=1169
Metrología e Introducción a la Fabricación (Plan 2024),,https://ingenieria.campus.mdp.edu.ar/course/view.php?id=1712
Microbiología de Alimentos (Plan 2003),ALEJANDRA GRACIELA PONCE; MARIA FLORENCIA SILVA BARNI; ERIKA ALEJANDRA WOLSKI,https://ingenieria.campus.mdp.edu.ar/course/view.php?id=1323
Modelado y Simulación de Materiales,JUAN IGNACIO MORAN; AGUSTIN EMILIO SISAMON,https://ingenieria.campus.mdp.edu.ar/course/view.php?id=1348
"Modelización y Predicción con Tecnologías Emergentes (Planes 2003-2010,  4O7)",ESTEFANY GABRIELA CUJANO AYALA; NOELIA INES ECHEVERRIA; GUSTAVO JAVIER MESCHINO,https://ingenieria.campus.mdp.edu.ar/course/view.php?id=1206
Modelos y Simulación (Plan 2010),JUAN IGNACIO ITURRIAGA; FRANCO LANZILLOTTA; PABLO ARMANDO MONTINI,https://ingenieria.campus.mdp.edu.ar/course/view.php?id=1275
Muestra Educativa Online Facultad Ingenieria,,https://ingenieria.campus.mdp.edu.ar/course/view.php?id=1157
Máquinas Eléctricas II (3M2) (Plan 2003),JULIO CESAR BRANDA; LEONARDO DAVID NICOLINI; JUSTO JOSÉ ROBERTS; JORGE LUIS STRACK; OSCAR ALBERTO TREVISANI,https://ingenieria.campus.mdp.edu.ar/course/view.php?id=1391
Máquinas y Equipos Industriales I (ING3209) (Plan 2024),GUSTAVO LUIS FERRO; RAUL EDUARDO LOPRESTI,https://ingenieria.campus.mdp.edu.ar/course/view.php?id=1578
Módulo Física Básica,PABLO ACOSTA HAAB; MARIA PIA BASUALDO; CARMEN BENITEZ; PABLO R. CORTEZ TORNELLO; MARIA ELENA DEGAUDENZI; NICOLAS EZEQUIEL GRILLI; AGUSTINA BELEN LEONARDI; FABRICIO MATEO MARTINEZ; JUAN CARLOS RODRIGUEZ; MATIAS ANTONIO VALDIVIA GOITIA,https://ingenieria.campus.mdp.edu.ar/course/view.php?id=1406
Módulo Matemática,CARLOS ANTONIO CHIURO; ANABELLA SOLEDAD DI MARCO; VENIERO GALLINI; GERMAN ALFREDO PECKER; MIRIAM GRACIELA PELLICER; MARIA CARMEN QUERCIA; GASTON GABRIEL TISSONI; JULIETA SOL VAZQUEZ,https://ingenieria.campus.mdp.edu.ar/course/view.php?id=1407
Módulo Química,MARIA PIA BASUALDO; CARMEN BENITEZ; CRISTINA SILVIA CORDON; MARIA GABRIELA GOÑI; JIMENA SOLEDAD GONZALEZ; JOSEFA FABIANA MARTUCCI; PAOLA ANDREA MASSA; CLAUDIO JAVIER PEREZ; MARCO JULIO SANCHEZ,https://ingenieria.campus.mdp.edu.ar/course/view.php?id=1405
"Narrativa, ambientación y composición visual I",,https://ingenieria.campus.mdp.edu.ar/course/view.php?id=1557
Nociones básicas de Base de Datos Relacionales,,https://ingenieria.campus.mdp.edu.ar/course/view.php?id=1395
Operaciones Unitarias I (Plan 2024) / Transferencia de Cantidad de Movimiento (Plan 2003),JULIO EDUARDO BENGOCHEA; Bianca Bietti Managó; MARÍA VICTORIA DEL PÓPOLO GRZONA; MARIA FLORENCIA DONATO; IGNACIO DURRUTY; FELIPE FAGES; MARTIN PETRILLO,https://ingenieria.campus.mdp.edu.ar/course/view.php?id=1295
Operaciones Unitarias II - Química y Alimentos (Plan 2024),MARIA ALEJANDRA AYUDE; GUILLERMINA CAPIEL; EMILIANO MANUEL CIANNAMEA; MARÍA VICTORIA DEL PÓPOLO GRZONA; MARIA SOL MELUCCI GANZARAIN; Lautaro Teper Marinelli,https://ingenieria.campus.mdp.edu.ar/course/view.php?id=1292
Optimización y mejora de la producción de agroalimentos seguros y sostenibles,,https://ingenieria.campus.mdp.edu.ar/course/view.php?id=1528
Organización de Datos (Plan 2010),VALERIA ALEJANDRA DI CROCE; HERNAN HINOJAL; Franco Kühn; CARLOS ALBERTO RICO,https://ingenieria.campus.mdp.edu.ar/course/view.php?id=1273
Organización y Dirección Industrial III (866) / Administración Estratégica (8302),SERGIO ALEJANDRO COMPANY; RAUL NESTOR DEMATTEIS; MATIAS DANIEL GONZALEZ TRIGO; SEBASTIAN EZEQUIEL LAROCCA; CAROLINA MONTAÑA (Administración DII); PAOLA PRESTES,https://ingenieria.campus.mdp.edu.ar/course/view.php?id=1428
Orientación al Estudiante DIQyA,MARIA VICTORIA ALVAREZ; SILVESTRE MANUEL BONGIOVANNI ABEL; VIVIANA PAOLA CYRAS; LAURA ALEJANDRA FASCE; MARIA ALEJANDRA FRONTINI; MARIA GABRIELA GOÑI; PAOLA ANDREA MASSA; ANTONELA BEATRIZ OROFINO,https://ingenieria.campus.mdp.edu.ar/course/view.php?id=1551
PPS DII,CAROLINA MONTAÑA (Administración DII); OSCAR ANTONIO MORCELA,https://ingenieria.campus.mdp.edu.ar/course/view.php?id=1419
PPS-INFORMATICA,VALERIA ALEJANDRA DI CROCE; FERNANDO JAVIER GENIN; CARLOS ALBERTO RICO; ADOLFO TOMAS SPINELLI,https://ingenieria.campus.mdp.edu.ar/course/view.php?id=1289
PSC Alimentación a conciencia,,https://ingenieria.campus.mdp.edu.ar/course/view.php?id=1479
Planeamiento de Parques Eólicos,,https://ingenieria.campus.mdp.edu.ar/course/view.php?id=1510
Polímeros,FACUNDO IGNACIO ALTUNA; LILIANA BEATRIZ MANFREDI; PABLO MARCELO STEFANI,https://ingenieria.campus.mdp.edu.ar/course/view.php?id=1483
"Políticas y Marco Normativo de Ciencia, Tecnología e Innovación",FRANCISCO JOSE ALVAREZ; OSCAR GALANTE; LETICIA IGLESIAS,https://ingenieria.campus.mdp.edu.ar/course/view.php?id=1736
Practicas Profesionales Supervisadas- Materiales,JOSEFINA BALLARRE,https://ingenieria.campus.mdp.edu.ar/course/view.php?id=1356
Principios de Electrónica (Plan 2024) | Introducción a la Electrónica IE-IEM (Plan 2003),NOELIA INES ECHEVERRIA; GONZALO ROBERTO FONTANELLA; FACUNDO IGNACIO ROLDAN,https://ingenieria.campus.mdp.edu.ar/course/view.php?id=1242
Principios de Seguridad Informática (Plan 2024),MATIAS NICOLAS HADAD; CRISTIAN HERNAN LOPEZ,https://ingenieria.campus.mdp.edu.ar/course/view.php?id=1751
"Probabilidad, Estadística y Procesos Estocásticos (Plan 2024) / Probabilidad y Procesos Estocásticos (Plan 2003)",GUILLERMO NESTOR ABRAS; DIEGO SEBASTIAN COMAS; LUCIANO DI IORIO,https://ingenieria.campus.mdp.edu.ar/course/view.php?id=1563
Problemáticas de la Gestión de Organizaciones Innovadoras - 3ra Cohorte,PABLO ERNESTO AGUERRE; FRANCISCO JOSE ALVAREZ; ANTONIO ADRIAN ARCIENAGA MORALES,https://ingenieria.campus.mdp.edu.ar/course/view.php?id=1689
Procesamiento de Polímeros,LEANDRO NICOLAS LUDUEÑA; FLORENCIA MONTINI BALLARIN; MARIA CAMILA QUINTANA; AGUSTIN EMILIO SISAMON,https://ingenieria.campus.mdp.edu.ar/course/view.php?id=1349
Procesos Biotecnológicos (Plan 2003),MIRNA ALEJANDRA MOSIEWICKI; SILVIA ELENA MURIALDO,https://ingenieria.campus.mdp.edu.ar/course/view.php?id=1309
Procesos de Fabricación I (Plan 2024),AMADEO DANIEL SOSA,https://ingenieria.campus.mdp.edu.ar/course/view.php?id=1713
Producción de Cerveza Artesanal - Aspectos tecnológicos,JULIETA DEL HOYO; IGNACIO DURRUTY; SEBASTIAN OSCAR MAESTRI; LORENA PAOLA MANFREDI,https://ingenieria.campus.mdp.edu.ar/course/view.php?id=1399
Programa I.DEAR.,,https://ingenieria.campus.mdp.edu.ar/course/view.php?id=1160
Programa de Acompañamiento al Estudiante,,https://ingenieria.campus.mdp.edu.ar/course/view.php?id=1151
Programa de Seguimiento de Trayectorias Estudiantiles,OSCAR ANTONIO MORCELA,https://ingenieria.campus.mdp.edu.ar/course/view.php?id=1687
Programacion A (Plan 2024),Erik Gabriel BORGNIA GIANNINI; SANDRA CIRIMELO; CLAUDIO JOSE GEA; FRANCO LANZILLOTTA; SANTIAGO NICOLS LAPIANA,https://ingenieria.campus.mdp.edu.ar/course/view.php?id=1267
Programación B (Plan 2024),SANDRA CIRIMELO; CLAUDIO JOSE GEA; SANTIAGO NICOLS LAPIANA; BRAULIO LEONEL PABLOS DI MARCO; MARCO LUIS VIOLA,https://ingenieria.campus.mdp.edu.ar/course/view.php?id=1270
Programación C (Plan 2024) / Programación III (Plan 2010),LUCAS DE LELLIS; IVONNE GELLON; LEONEL DOMINGO GUCCIONE; CARLOS GUILLERMO LAZZURRI; MICAELA RASSO; ADOLFO TOMAS SPINELLI,https://ingenieria.campus.mdp.edu.ar/course/view.php?id=1264
Programación III (Plan 2024),PABLO DANIEL SPENNATO; MARCO LUIS VIOLA,https://ingenieria.campus.mdp.edu.ar/course/view.php?id=1721
Programación Inicial,,https://ingenieria.campus.mdp.edu.ar/course/view.php?id=1532
Propiedades Estructurales I,LUIS EDUARDO JAVIER AMATO; ALEJANDRO DANIEL BASSO; ROBERTO ENRIQUE BOERI; LISANDRO ESCALADA,https://ingenieria.campus.mdp.edu.ar/course/view.php?id=1343
Prospectiva y Planeamiento Estratégico,FRANCISCO JOSE ALVAREZ; PAOLA LARROSA; ADRIANA SANCHEZ RICO,https://ingenieria.campus.mdp.edu.ar/course/view.php?id=1737
Prototipos Mecánicos Virtuales (Plan 2003),,https://ingenieria.campus.mdp.edu.ar/course/view.php?id=1203
Proyecto Fortaleciendo Kaizen,,https://ingenieria.campus.mdp.edu.ar/course/view.php?id=1396
Proyecto Integrador I (Plan 2024),Anibal Norberto Cassanelli; PABLO CESAR CATTANEO,https://ingenieria.campus.mdp.edu.ar/course/view.php?id=1750
Proyecto Transversal C I (Plan 2024),FABRICIO MARIO BASSO,https://ingenieria.campus.mdp.edu.ar/course/view.php?id=1672
Proyecto Transversal C III (Plan 2024),CRISTIAN EMANUEL ORDOÑEZ; RODRIGO EZEQUIEL RUSSO,https://ingenieria.campus.mdp.edu.ar/course/view.php?id=1747
Proyecto Transversal III / Proyecto Transversal C II (Plan 2024),WALTER ANDRES GEMIN; ESTEBAN LUCIO GONZALEZ; RODRIGO EZEQUIEL RUSSO,https://ingenieria.campus.mdp.edu.ar/course/view.php?id=1595
Proyecto Transversal V (Plan 2024),MATIAS NICOLAS HADAD; PABLO FEDERICO GABRI SILVONI,https://ingenieria.campus.mdp.edu.ar/course/view.php?id=1611
Proyecto Transversal VI (Plan 2024),JORGE CASTIÑEIRA MOREIRA; BRIAN MAXIMILIANO GLUZMAN,https://ingenieria.campus.mdp.edu.ar/course/view.php?id=1748
Proyecto de Ingeniería Industrial III,GUILLERMO ADRIAN CARRIZO; PABLO ARIEL DELMONTE; CAROLINA MONTAÑA (Administración DII); OSCAR ANTONIO MORCELA,https://ingenieria.campus.mdp.edu.ar/course/view.php?id=1686
"Proyecto de Investigación: Evaluación No Destructiva. Problemas inversos, Modelado y Simulación Computacional",,https://ingenieria.campus.mdp.edu.ar/course/view.php?id=1404
Práctica Profesional Supervisada,SILVIA MARCELA CERE; SILVINA PEREZ,https://ingenieria.campus.mdp.edu.ar/course/view.php?id=1317
Prácticas Profesionales Supervisadas (PPS) - Ingeniería en Electrónica y Computación (Planes 2003-2010),,https://ingenieria.campus.mdp.edu.ar/course/view.php?id=1255
Química Analítica (Plan 2003),SILVESTRE MANUEL BONGIOVANNI ABEL; YANINA BELEN FARIAS; CRISTINA ELENA HOPPE; JOSEFA FABIANA MARTUCCI; ANDRES PEPE,https://ingenieria.campus.mdp.edu.ar/course/view.php?id=1315
Química Biológica (Plan 2024),MARIA ROBERTA ANSORENA; Ariel Gonzalez; LUCAS PAN,https://ingenieria.campus.mdp.edu.ar/course/view.php?id=1682
Química General II (Plan 2003),Gonzalo Ezequiel Butavand; PAOLA ANDREA MASSA; CINTIA ANABELA MAZZUCOTELLI; MARIA DE LA PAZ MIGUEL; MARCO JULIO SANCHEZ,https://ingenieria.campus.mdp.edu.ar/course/view.php?id=1314
Química General e Inorgánica - 1er Cuatrimestre,MARIA SOLEDAD ALVAREZ CERIMEDO; SILVESTRE MANUEL BONGIOVANNI ABEL; MELISA BERENICE BONICA; PABLO MARTIN BOTTA; JUAN MANUEL BUFFA; PAULA MARIELA DESIMONE; YANINA BELEN FARIAS; VANESA MARIA FUCHS; MARIA PAULA GIACOMINI; LILIANA BEATRIZ MANFREDI; MARCOS NAHUEL MOLINE; Raúl Ariel Procaccini,https://ingenieria.campus.mdp.edu.ar/course/view.php?id=1544
Química General e Inorgánica - 2do Cuatrimestre,MARIA SOLEDAD ALVAREZ CERIMEDO; PABLO MARTIN BOTTA; JUAN MANUEL BUFFA; JIMENA SOLEDAD GONZALEZ; LILIANA BEATRIZ MANFREDI; MARCOS NAHUEL MOLINE,https://ingenieria.campus.mdp.edu.ar/course/view.php?id=1553
Química del Estado Sólido (Plan 2024) / Química del Sólido (Plan 2003),MARIANA BERRUET; EXEQUIEL SANTOS RODRIGUEZ; ANALIA GLADYS TOMBA MARTINEZ,https://ingenieria.campus.mdp.edu.ar/course/view.php?id=1339
Redes Eléctricas Inteligentes,,https://ingenieria.campus.mdp.edu.ar/course/view.php?id=1497
Redes y Comunicación de Datos A (Plan 2024),JOSE FRANCISCO CATALDO; HERNAN HINOJAL; Franco Kühn,https://ingenieria.campus.mdp.edu.ar/course/view.php?id=1744
Responsabilidad Social Empresaria,CAROLINA MONTAÑA (Administración DII),https://ingenieria.campus.mdp.edu.ar/course/view.php?id=1449
Robótica Aplicada (Planes 2003-2010),WALTER ANDRES GEMIN; JUAN MANUEL LOPEZ,https://ingenieria.campus.mdp.edu.ar/course/view.php?id=1217
Seguridad en Sistemas (Plan 2010),CARLOS ALBERTO RICO,https://ingenieria.campus.mdp.edu.ar/course/view.php?id=1271
"Seguridad, Higiene y Saneamiento Ambiental (836) / Seguridad y Salud Ocupacional (8412)",DANIEL ADRIAN GALLO; CAROLINA MONTAÑA (Administración DII); EDGARDO AGUSTIN MUSUMECI; MARIA CLARA PINTO; GUILLERMO GABRIEL VALOTTO; ALEJANDRA ANDREA VIADAS; JUAN PABLO VIGNOLO; MARISA BETINA VILLIAN,https://ingenieria.campus.mdp.edu.ar/course/view.php?id=1438
Seminario de Biocombustibles,,https://ingenieria.campus.mdp.edu.ar/course/view.php?id=1517
Seminario de Energía Undimotriz,,https://ingenieria.campus.mdp.edu.ar/course/view.php?id=1520
Seminario de Energía y Medio Ambiente,,https://ingenieria.campus.mdp.edu.ar/course/view.php?id=1518
Seminario de Energías Alternativas Termomecánicas,,https://ingenieria.campus.mdp.edu.ar/course/view.php?id=1515
Seminario de Energías Renovables (Plan 2024),ISAIAS VIDAL; RICARDO JAVIER ZUCAL,https://ingenieria.campus.mdp.edu.ar/course/view.php?id=1614
Seminario de Medidores de Energía Inteligentes,,https://ingenieria.campus.mdp.edu.ar/course/view.php?id=1519
Seminario de Operación y Mantenimiento de Parques Eólicos,,https://ingenieria.campus.mdp.edu.ar/course/view.php?id=1523
Seminario de Planeamiento Energético,,https://ingenieria.campus.mdp.edu.ar/course/view.php?id=1521
Seminario de Vehículos Eléctricos,,https://ingenieria.campus.mdp.edu.ar/course/view.php?id=1522
Seminario la Biomasa como Fuente de Energía,,https://ingenieria.campus.mdp.edu.ar/course/view.php?id=1516
Servicios de red Basados en Software libre (Plan 2010),MARTIN IGNACIO CASAS; HERNAN HINOJAL,https://ingenieria.campus.mdp.edu.ar/course/view.php?id=1272
Señales y Sistemas de Tiempo Discreto (Plan 2024),CARLOS MARTIN ORALLO; ESTEBAN NAHUEL REVELLI,https://ingenieria.campus.mdp.edu.ar/course/view.php?id=1685
Simulación y Optimización de Sistemas Energéticos,,https://ingenieria.campus.mdp.edu.ar/course/view.php?id=1514
Sistema de Educación a Distancia,,https://ingenieria.campus.mdp.edu.ar/course/view.php?id=1155
Sistemas CAD (3T5) (Plan 2003),HECTOR GERARDO BLASQUEZ; ROBERTO DI GIOVANNI; FRANCISCO DIEGO GARCIA,https://ingenieria.campus.mdp.edu.ar/course/view.php?id=1370
Sistemas CAD Aplicados (3T7) (Plan 2003),HECTOR GERARDO BLASQUEZ; ROBERTO DI GIOVANNI; FRANCISCO DIEGO GARCIA,https://ingenieria.campus.mdp.edu.ar/course/view.php?id=1371
Sistemas Digitales (Plan 2003),LUCIANA DE MICCO; GONZALO ROBERTO FONTANELLA; Nicolas Ariel Gutierrez; RAUL EDUARDO LOPRESTI; SERGIO GABRIEL LUVONI; JUAN IGNACIO PERRONE ORSI,https://ingenieria.campus.mdp.edu.ar/course/view.php?id=1211
Sistemas Propulsivos I (Plan 2024),MARTIN CALDERA; FAVIO ALEJANDRO CAMILLETTI; RICARDO ANTONIO MARTINEZ; ARIEL LEONARDO STOCCHI,https://ingenieria.campus.mdp.edu.ar/course/view.php?id=1752
Sistemas de Comunicaciones basados en Radio Definida por Software (Planes 2003-2010),JUAN ALBERTO ETCHEVERRY; BRIAN MAXIMILIANO GLUZMAN; ALEJANDRO JOSE URIZ,https://ingenieria.campus.mdp.edu.ar/course/view.php?id=1253
Sistemas de Información Geográficos y Teledetección,,https://ingenieria.campus.mdp.edu.ar/course/view.php?id=1512
Sistemas de Representación en Plantas de Procesos (Plan 2024),ANTONIA CALVO; LUCIANO DÓMINE; IGNACIO DURRUTY; MARIA ALEJANDRA FRONTINI; SANDRA SILVIA GONZALEZ; ANTONELA BEATRIZ OROFINO; JULIETA FABIENNE UICICH,https://ingenieria.campus.mdp.edu.ar/course/view.php?id=1549
Taller de Formulación de proyectos,,https://ingenieria.campus.mdp.edu.ar/course/view.php?id=1527
Taller de Ingeniería III (Plan 2024),MARIA VELIA ARTIGAS; VIVIANA PAOLA CYRAS; JULIETA DEL HOYO; PABLO ARIEL DELMONTE; MARIA GABRIELA GOÑI; LORENA PAOLA MANFREDI; CLAUDIO JAVIER PEREZ; MARIANINA PEREZ CENCI; MARIANO PRUDENTE; CAROLINA ROMIGLIO; DAIANA ROTELA; EZEQUIEL RODOLFO SOULE; MATIAS ANTONIO VALDIVIA GOITIA,https://ingenieria.campus.mdp.edu.ar/course/view.php?id=1542
Taller de Programación II (Plan 2010),FERNANDO JAVIER GENIN; CRISTIAN ARIEL REMON,https://ingenieria.campus.mdp.edu.ar/course/view.php?id=1288
Taller de Tesis (OBLIGATORIA),,https://ingenieria.campus.mdp.edu.ar/course/view.php?id=1507
Taller: Desarrollo de habilidades en emprendedores tecnológicos para la formulación de proyectos,,https://ingenieria.campus.mdp.edu.ar/course/view.php?id=1526
Tecnología CAD Aplicada (ING3101) (Plan 2024),HECTOR GERARDO BLASQUEZ; ROBERTO DI GIOVANNI; FRANCISCO DIEGO GARCIA,https://ingenieria.campus.mdp.edu.ar/course/view.php?id=1734
Tecnología Electrónica (Plan 2024),LEONARDO JOSE ARNONE; NOELIA INES ECHEVERRIA,https://ingenieria.campus.mdp.edu.ar/course/view.php?id=1715
Tecnología de Control (Ing. Industrial),David Crovo; IGNACIO SANTIAGO GARRONE; JOSE ISAAC MELIAN; RICARDO JAVIER ZUCAL,https://ingenieria.campus.mdp.edu.ar/course/view.php?id=1739
Tecnología de la Fundición (Plan 2003),DIEGO OMAR FERNANDINO; IÑAKI ANDRES GALARRETA; MATIAS RAFAEL MARTINEZ GAMBA,https://ingenieria.campus.mdp.edu.ar/course/view.php?id=1199
Tecnología de los Materiales (Plan 2024) / Materiales Industriales (Plan 2003),VERA ALEJANDRA ALVAREZ; MARIA ANDREA CAMERUCCI; GASTON MARTIN FRANCUCCI; MARIA JOSE GALANTE; MARCOS NAHUEL MOLINE; VALERIA PETTARIN; AGUSTIN EMILIO SISAMON,https://ingenieria.campus.mdp.edu.ar/course/view.php?id=1350
Tecnologías Emergentes 1: Nanotecnología y Materiales Avanzados - 3ra Cohorte,FRANCISCO JOSE ALVAREZ; VERA ALEJANDRA ALVAREZ; NOELIA BAJALES LUNA; Alicia Gallo,https://ingenieria.campus.mdp.edu.ar/course/view.php?id=1690
Tecnologías Emergentes 2: Industrias 4.0,LUCÍA ISABEL PASSONI,https://ingenieria.campus.mdp.edu.ar/course/view.php?id=1724
Teledetección y Sistemas de Información Geográficos (Plan 2003),CARLOS ALBERTO AGUERO; DANIEL ORLANDO ANAUT,https://ingenieria.campus.mdp.edu.ar/course/view.php?id=1390
Teoría de Control (Plan 2003),ROGELIO ADRIAN GARCIA RETEGUI; JORGE LUIS GATTI; MARCOS GABRIEL JUDEWICZ; WALTER PEDRO KLOSTER,https://ingenieria.campus.mdp.edu.ar/course/view.php?id=1214
Termodinámica Alias 1 (Plan 2003),FERNANDO RUBÉN BOLLINI; SEBASTIAN BONANNI; AGUSTINA BELEN LEONARDI; IARA PUGLIA; JUAN PABLO TOMBA,https://ingenieria.campus.mdp.edu.ar/course/view.php?id=1316
Termodinámica Alias 2 (Ingeniería en Alimentos) (Plan 2003),MARIA ALEJANDRA AYUDE; MARINA CZERNER; ROMINA DI IORIO; AILIN MATEOS; WALTER FABIAN SCHROEDER,https://ingenieria.campus.mdp.edu.ar/course/view.php?id=1304
Termodinámica I (Plan 2024),FERNANDO RUBÉN BOLLINI; SEBASTIAN BONANNI; MALENA ERIKA SZPYRNAL; JUAN PABLO TOMBA,https://ingenieria.campus.mdp.edu.ar/course/view.php?id=1675
Termodinámica II (Plan 2024),Bianca Bietti Managó; FERNANDO RUBÉN BOLLINI; SEBASTIAN BONANNI; MALENA ERIKA SZPYRNAL; JUAN PABLO TOMBA,https://ingenieria.campus.mdp.edu.ar/course/view.php?id=1708
Termodinámica de Alimentos II (Plan 2024),MARINA CZERNER; AILIN MATEOS; WALTER FABIAN SCHROEDER,https://ingenieria.campus.mdp.edu.ar/course/view.php?id=1710
"Termodinámica para Ingeniería Mecánica (ING2203), Termodinámica (232)",Juan Valentin Odriozola; DIEGO HERNAN SANTIAGO; MATIAS JOSE VALLELUNGA,https://ingenieria.campus.mdp.edu.ar/course/view.php?id=1186
Trabajo Final (Planes 2003 y 2024),SILVANA VALERIA ASMUSSEN; VALERIA PETTARIN,https://ingenieria.campus.mdp.edu.ar/course/view.php?id=1344
Trabajo Final de Ingeniería Informática,VALERIA ALEJANDRA DI CROCE; LEONEL DOMINGO GUCCIONE; CARLOS ALBERTO RICO,https://ingenieria.campus.mdp.edu.ar/course/view.php?id=1284
Transformadores: su Cálculo y Construcción (3M5) (Plan 2003),JUSTO JOSÉ ROBERTS; ISRAEL JOAQUIN SANCHEZ,https://ingenieria.campus.mdp.edu.ar/course/view.php?id=1392
Transmisión de la Energía Eléctrica (Plan 2003),GUILLERMO FABIAN DI MAURO,https://ingenieria.campus.mdp.edu.ar/course/view.php?id=1387
"Tribología, Fricción, Desgaste y Lubricación (Plan 2024) / Tribología (Plan 2003)",RICARDO CESAR DOMMARCO; MARIA PAULA GONZALEZ; ALEJO DANIEL MANDRI; MATIAS RAFAEL MARTINEZ GAMBA,https://ingenieria.campus.mdp.edu.ar/course/view.php?id=1193
Técnicas de Análisis Fisicoquímicos (Plan 2024),SILVESTRE MANUEL BONGIOVANNI ABEL; MARTINA D`ORSO; YANINA BELEN FARIAS; CRISTINA ELENA HOPPE; JOSEFA FABIANA MARTUCCI; ANDRES PEPE,https://ingenieria.campus.mdp.edu.ar/course/view.php?id=1726
Técnicas neutrónicas y de raxos X aplicadas al estudio de materia blanda y nanomateriales,,https://ingenieria.campus.mdp.edu.ar/course/view.php?id=1408
Técnicas y Dispositivos Digitales (Plan 2024) / Técnicas y Dispositivos Digitales II (Plan 2003),MARIA CELESTE CEBEDIO; LUCIANA DE MICCO; JUAN IGNACIO PERRONE ORSI,https://ingenieria.campus.mdp.edu.ar/course/view.php?id=1227
UCAP GPA,,https://ingenieria.campus.mdp.edu.ar/course/view.php?id=1477
Vehículos Automotores (Plan 2003),MARTIN CALDERA; FAVIO ALEJANDRO CAMILLETTI; RICARDO ANTONIO MARTINEZ,https://ingenieria.campus.mdp.edu.ar/course/view.php?id=1191
Vibraciones Mecánicas (Plan 2024) / Dinámica del Sólido (Plan 2003),GUSTAVO EDUARDO CARR; HERNAN GUILLERMO KUNERT; ENRIQUE PARDO,https://ingenieria.campus.mdp.edu.ar/course/view.php?id=1179
Área de Gestión DII,,https://ingenieria.campus.mdp.edu.ar/course/view.php?id=1450
