materia_aulario,nombre_campus
accion.electricos,Accionamientos Eléctricos (Plan 2003)
algebra 1a,Álgebra I-A
algebra 1b (a1),Álgebra I-B
algebra 1b a1,Álgebra I-B
algebra 1b a2,Álgebra I-B
algebra ia,Álgebra I-A
algebra ii,Álgebra II
analisis de circuitos,Análisis de Circuitos (Plan 2024) / Teoría de Circuitos (Plan 2024) / Teoría de Redes I (Planes 2003-2010)
analisis matematico i,Análisis Matemático I
analisis matematico i a1-a2,Análisis Matemático I
analisis matematico i a1-a3,Análisis Matemático I
analisis matematico iii,Análisis Matemático III
analisis y diseño de sistemas i,Análisis y Diseño de Sistemas A (Plan 2024) / Análisis y Diseño de Sistemas I (Plan 2010)
analisis y protec. de sist. de potencia,Análisis y Protección de Sistemas de Potencia (Plan 2003)
analisis y protec. de sist.de potencia,Análisis y Protección de Sistemas de Potencia (Plan 2003)
análisis matemático ii a1 p,Análisis Matemático II
análisis matemático ii a1 t,Análisis Matemático II
análisis matemático ii a2 p,Análisis Matemático II
análisis matemático ii a2 t,Análisis Matemático II
análisis matemático ii a3 p,Análisis Matemático II
análisis matemático ii a3 t,Análisis Matemático II
aplicaciones de hidráulica y neumática,Aplicaciones de la Hidráulica y Neumática (Plan 2024)
arq. de computadoras,Fundamentos de la Arquitectura de Computadoras (Plan 2024) / Arquitectura de Computadoras (Plan 2010)
arq.de computadoras,Fundamentos de la Arquitectura de Computadoras (Plan 2024) / Arquitectura de Computadoras (Plan 2010)
base de datos ii (op),Bases de Datos II (Plan 2010)
bases de datos p,Bases de Datos (Plan 2010)
bases de datos t,Bases de Datos (Plan 2010)
biomateriales,Biomateriales
bioquímica de alimentos,Química y Bioquímica de Alimentos (Plan 2003)
calculos y elem. de maq,Cálculo de Elementos de Máquinas (Plan 2003)
circuitos electronicos ii,"Circuitos Electrónicos II (Plan 2003, 4C4)"
comunicaciones digitales,Comunicaciones Digitales (Plan 2003)
concepto de economía industrial,Economía Industrial/Conceptos de Ingeniería Industrial (ING8414/857)
control,Control (Plan 2003)
control 4e2,Control (Plan 2003)
control discreto,Introducción al Control Discreto (Plan 2010)
conv.electromecan.de la energia,Conversión Electromecánica de la Energía (ING2212) (Plan 2024)
conversion electromecanica de la energia,Conversión Electromecánica de la Energía (ING2212) (Plan 2024)
corrosion,Corrosión
desarrollo emprendedor y creación de empresas,Desarrollo Emprendedor y creación de empresas de base tecnológica (872) / Desarrollo Emprendedor y Creación de Empresas Basadas en el Conocimiento (8514)
dibujo b,Dibujo B (Plan 2024)
direccion de ventas industriales,Organización y Dirección Industrial (865) / Organización Empresarial e Industrial (8411)
diseñ de integ.de equip.est.e integ.de cañerias y recip,Diseño e Integridad de Equipos Estáticos
diseño de base de datos,Bases de Datos (Plan 2010)
diseño de integ.de equipos est.y cañerias y resip.de presion,Diseño e Integridad de Equipos Estáticos
diseño de sist. operativos,Diseño de Sistemas Operativos (Plan 2010)
diseño de sist.operativos,Diseño de Sistemas Operativos (Plan 2010)
diseño e integ.de equipos est.-y de recip.de presion,Diseño e Integridad de Equipos Estáticos
economía de la inovación,Economía de la Innovación (880) / Economía de la Innovación y del Conocimiento (8515)
elec.de potencia,Electrónica de Potencia (Plan 2003)
electronica aplicada,Electrónica (Plan 2003)
electronica de potencia,Electrónica de Potencia (Plan 2003)
electronica digital,Electrónica Digital (Plan 2010)
electronica:c,Electrónica (Plan 2003)
electrotecnia :a,Electrotecnia A (ING3201) (Plan 2024)
electrotecnia :c,Electrotecnia C (ING3203) (Plan 2024)
electrotecnia :d,Electrotecnia D (ING3204) (Plan 2024)
electrotecnia: a,Electrotecnia A (ING3201) (Plan 2024)
electrotecnia: d,Electrotecnia D (ING3204) (Plan 2024)
emprendimientos tecnologicos,Emprendimientos Tecnológicos
estatica y resistencia de materiales,Estática y Resistencia de Materiales (Plan 2003) / Fundamentos de Estática y Resistencia de Materiales (Plan 2024) / Mecánica del Sólido (Plan 2024)
estática ii,Estatica II (Plan 2024) - Estática del Sólido (Plan 2003)
"etica,leg,y prop.intelec.en el ejercicio prof","Derecho en Ingeniería (816) - Ética, Legislación y Propiedad Intelectual en el Ejercicio Profesional (8404)"
fisica a,Física A - Turno Mañana
fisica a (t-t p,Física A - Turno Tarde
fisica a (t-t) p,Física A - Turno Tarde
fisica b,Física B-I / Física B-II (Plan 2024) / Física 2 (Planes 2003-2010)
fisica b- bi y bii,Física B-I / Física B-II (Plan 2024) / Física 2 (Planes 2003-2010)
fisica ci,Fisica C-I/Fisica 3
fisica experimental a,Física Experimental A
fisicoquimica 1,Fisicoquímica I (Plan 2024)
fisicoquímica i t,Fisicoquímica I (Plan 2024)
fisicoquímica i tp,Fisicoquímica I (Plan 2024)
fisicoquímica ii,Fisicoquímica II (Plan 2024)
fluidodinamica,Fluidodinámica Computacional (Plan 2003)
fluidos y maq. fluidodinamicas,Fluidos y Máquinas Fluidodinámicas (Plan 2024)
fund. de arq. de comp,Fundamentos de la Arquitectura de Computadoras (Plan 2024) / Arquitectura de Computadoras (Plan 2010)
fund. de arq.. de comp. p,Fundamentos de la Arquitectura de Computadoras (Plan 2024) / Arquitectura de Computadoras (Plan 2010)
fund. de metalurgia fisica,Metalurgia Física (Plan 2003)
fund.de metalurgia fisica,Metalurgia Física (Plan 2003)
fundamentos de la programacion,Fundamentos de la Programación (Plan 2024) / Computación (Plan 2003)
fundamentos de la qca,Fundamentos de Química - Alias 2 (Plan 2024)
física a,Física A - Turno Mañana
física b -(bi- bii ),Física B-I / Física B-II (Plan 2024) / Física 2 (Planes 2003-2010)
física c i p,Fisica C-I/Fisica 3
física c i t,Fisica C-I/Fisica 3
física c ii p,Fisica C-II
física c ii t,Fisica C-II
gest. del mantenimiento,Gestión del Mantenimiento (858)/ Gestión Integral del Mantenimiento (8309)
gest.de seg.informatica y seg.en sist,Gestión de la Seguridad Informática (Plan 2010)
gestion de proy.informaticos (op),Gestión de Proyectos Kaizen (8517)
gestion de proy.informaticos(op),Gestión de Proyectos Kaizen (8517)
gestion de proyectos kaizer(op),Gestión de Proyectos Kaizen (8517)
industrias alimentarias,Industrias Alimentarias (Plan 2003)
industrias químicas,Industrias Químicas (Plan 2003)
informatica basica,Informática Básica - 2C - 2026 (Plan 2024)
informatica en la empresa,Informática en la Empresa (834) / Sistemas Informáticos de Gestón (8417)
inge.en software,Ingeniería de Software (Plan 2010)
ingenieria sanitaria,Ingeniería Sanitaria (885)/ Ingeniería Sanitaria (8519)
ingeniería de las reacciones homogéneas,Ingeniería de las Reacciones Homogéneas (Plan 2003)
ingeniería económica,Ingeniería Económica (850) / Formulación y Evaluación de Proyectos de Inversión (8406)
ingles profesional b (com.i),Ingles Profesional II/ Inglés Profesional B
ingles profesional b (com.ii),Ingles Profesional II/ Inglés Profesional B
ingles profesional b(com ii),Ingles Profesional II/ Inglés Profesional B
ingles profesional b(com.ii),Ingles Profesional II/ Inglés Profesional B
ingles tecnico i (com. i),Ingles Técnico I (855) / Inglés I (8408)
ingles tecnico i (com. ii),Ingles Técnico I (855) / Inglés I (8408)
ingles tecnico i(com:i),Ingles Técnico I (855) / Inglés I (8408)
ingles tecnico ii (com. i),Ingles Técnico II (856) / Inglés II (8409)
ingles tecnico ii (com. ii),Ingles Técnico II (856) / Inglés II (8409)
ingles tecnico ii(com-.i),Ingles Técnico II (856) / Inglés II (8409)
"inst,termomecanicas",Transferencia y Tecnología del Calor (Plan 2024) / Instalaciones Termomecánicas (Plan 2003)
instalaciones : ii,Instalaciones Eléctricas B (Plan 2024) / Instalaciones Eléctricas II (Plan 2003)
instalaciones: ii,Instalaciones Eléctricas B (Plan 2024) / Instalaciones Eléctricas II (Plan 2003)
instrumentacion electronica,Instrumentación Electrónica (Plan 2003)
int. a la ing. mecánica,Introducción a la Ingeniería Mecánica (Plan 2024)
int. a la mat. discreta,Introducción a la Matemática Discreta (Plan 2024) / Matemática Discreta (Plan 2010)
int. a la mat.discreta,Introducción a la Matemática Discreta (Plan 2024) / Matemática Discreta (Plan 2010)
int.al modelado computacional,Introducción al Modelado Computacional (Plan 2024)
inteligencia artificial,"Inteligencia Artificial 2025 (Plan 2010, 6B5)"
introd. a la mat discreta,Introducción a la Matemática Discreta (Plan 2024) / Matemática Discreta (Plan 2010)
introd. sist.electricos de potencia,Introducción a los Sistemas Eléctricos de Potencia (Plan 2003)
introd.a los sist. cad,Introducción a los Sistemas CAD (3T6) (Plan 2003)
introd.al mod. computacional,Introducción al Modelado Computacional (Plan 2024)
introd.al proc.dig. de imagenes,Introducción al Procesamiento Digital de Imágenes (Planes 2003-2010)
introd.al tratam.digital de señales,Introducción al Tratamiento Digital de Señales (Plan 2024) / Tratamiento Digital de Señales (Plan 2003)
introd.sist.electricos de potencia,Introducción a los Sistemas Eléctricos de Potencia (Plan 2003)
introduccion a polimeros,Introducción a Polímeros( Plan 2024) / Química Macromolecular (Plan 2003)
introduccion al diseño 3d,Introducción al Diseño 3D
introducción a los procesos de fabricación,Introducción a los Procesos de Fabricación (plan 2024) / Tecnología de la Fabricación (Plan 2003)
introducción al desarrollo sostenible,Introducción al desarrollo sustentable
investigacion operativa b,Investigación Operativa B
investigación operativa b,Investigación Operativa B
lab. de ing.en alimentos,Laboratorio de Ingeniería en Alimentos (Plan 2003)
lab.de oper.unitarias,Laboratorio de Operaciones Unitarias (Plan 2003)
laboratorio ii,Laboratorio II
laboratorio:ii,Laboratorio II
mantenimiento,Gestión del Mantenimiento (858)/ Gestión Integral del Mantenimiento (8309)
maq. electricas :a,Máquinas Eléctricas A (ING3207) (Plan 2024)
maq. y accion. electricos,Máquinas y Accionamientos Eléctricos (3M4) (Plan 2003)
maq. y equipos. ind.i,Máquinas y Equipos Industriales I (ING3209) (Plan 2024)
maq.y equipos industriales:i,Máquinas y Equipos Industriales I (ING3209) (Plan 2024)
maquinas electricas,Máquinas Eléctricas A (ING3207) (Plan 2024)
maquinas termicas ii,Máquinas Térmicas II (Plan 2003)
materiales i,Materiales I (Plan 2024)
med.electricas:b,Mediciones Eléctricas B (Plan 2024) / Mediciones Eléctricas II (Plan 2003)
met. numericos,Métodos Numéricos para Ingeniería (Plan 2024) / Métodos Numéricos (Plan 2003-2010)
op. de plantas de proc.(ai),Operación de Plantas de Procesos (Plan 2024)
operacion de planta de proc. aiii,Operación de Plantas de Procesos (Plan 2024)
operaciones unitarias ii,Operaciones Unitarias II - Química y Alimentos (Plan 2024)
operaciones unitarias-ii,Operaciones Unitarias II - Química y Alimentos (Plan 2024)
operaciones unitarias-ii-(ppiq),Operaciones Unitarias II - Química y Alimentos (Plan 2024)
planificacion y ctrl.de la produccion,Organización y Dirección Industrial II (849) / Planificación y Control de la Producción (8310)
principios de electronica,Principios de Electrónica (Plan 2024) | Introducción a la Electrónica IE-IEM (Plan 2003)
principios de seg. informatica,Gestión de la Seguridad Informática (Plan 2010)
probabilidad y estadistica,Probabilidad y Estadística Plan 2024/ Estadística Básica Plan 2003
probabilidad y estadística,Probabilidad y Estadística Plan 2024/ Estadística Básica Plan 2003
proc.de alimentos,Procesamiento de Alimentos (Plan 2003)
procesam.de mater.compuestos,Procesamiento de Materiales Compuestos
procesam.de met. y sus aleaciones,Procesamiento de Metales y sus Aleaciones
procesam.de met.y sus aleaciones,Procesamiento de Metales y sus Aleaciones
procesos de fabricacion i,Procesos de Fabricación I (Plan 2024)
programacion a,Programacion A (Plan 2024)
programacion b,Programación B (Plan 2024)
programacion c,Programación C (Plan 2024) / Programación III (Plan 2010)
programacion ii,Programación II (Plan 2024) / Algoritmos y Estructura de Datos (Plan 2010)
programación a,Programacion A (Plan 2024)
programación a p,Programacion A (Plan 2024)
programación a t,Programacion A (Plan 2024)
programación b,Programación B (Plan 2024)
programación c,Programación C (Plan 2024) / Programación III (Plan 2010)
"prop, funcionales de (mater)",Propiedades Funcionales
prop. estructurales ii,Propiedades Estructurales II
prop. funcionales de (mater),Propiedades Funcionales
prop.estructurales ii,Propiedades Estructurales II
proyecto de ingenieria industrial ii,Proyecto de Ingeniería Industrial II
proyecto de ingeniería industrial ii,Proyecto de Ingeniería Industrial II
proyecto de ingeniería industrial iii,Proyecto de Ingeniería Industrial III
proyecto integrador i,Proyecto Integrador I (Plan 2024)
proyecto transversal c3,Proyecto Transversal C III (Plan 2024)
proyecto transversal ci,Proyecto Transversal C I (Plan 2024)
proyecto transversal ii,Proyecto Transversal II (Plan 2024)
proyecto transversal iv,Proyecto Transversal IV (Plan 2024)
proyecto transversal vi,Proyecto Transversal VI (Plan 2024)
prueba de suficiencia de inglés,INGLES: EXAMEN SUFICIENCIA (PLAN 2010) - EXAMEN LIBRE (PLAN 2024)
práctica cálculos de elementos de máquinas,Cálculo de Elementos de Máquinas (Plan 2003)
quimica del carbono,Química del Carbono (Plan 2024) / Química Orgánica (Plan 2003)
quimica del medio ambiente,Química del Medio Ambiente (Plan 2003)
quimica general e inorganica,Química Inorgánica (Plan 2003)
química del carbono,Química del Carbono (Plan 2024) / Química Orgánica (Plan 2003)
redes de computadoras p,Redes de Computadoras (Plan 2010)
redes de computadoras t,Redes de Computadoras (Plan 2010)
redes de datos,Redes de Datos
redes de datos electrónica,Redes de Datos
redes de datos/redes de transmision de datos,Redes de Transmisión de Datos (Plan 2010)
redes y com .de datos a,Redes y Comunicación de Datos A (Plan 2024)
redes y com de datos a,Redes y Comunicación de Datos A (Plan 2024)
redes y comun.de datos a,Redes y Comunicación de Datos A (Plan 2024)
redes y comunicacion de datos a,Redes y Comunicación de Datos A (Plan 2024)
seg. hig. y medio ambiente,"Seguridad, Higiene y Medio Ambiente (876) / Sustentabilidad, Higiene y Seguridad (8312)"
seg.en redes de comp,Seguridad en Redes de Computadoras (Plan 2010)
seg.hig. y med. ambiente,"Seguridad, Higiene y Medio Ambiente (876) / Sustentabilidad, Higiene y Seguridad (8312)"
seleccion de mater.p/diseño ingenieril,Selección de Materiales para Diseño Ingenieril
seleccion de materi.p/ diseño ingenieril,Selección de Materiales para Diseño Ingenieril
seminario de comunicacion eficaz,Seminario de Comunicación Eficaz
señales y sist. de tiempo continuo,Señales y Sistemas de Tiempo Continuo (Plan 2024)
señales y sist.de tiempo continuo,Señales y Sistemas de Tiempo Continuo (Plan 2024)
sist. de comp. distribuidos ii,Sistemas de Computación Distribuidos II (Plan 2010)
sist. de rep. para ing,Dibujo A (Plan 2024) - Sistemas de Representación para ingeniería. (Plan 2024))
sist.de comp. distribuidos ii,Sistemas de Computación Distribuidos II (Plan 2010)
sistemas de control,Sistemas de Control (Plan 2003)
sistemas distribuidos p,Sistemas Distribuidos (Plan 2010)
sistemas distribuidos t,Sistemas Distribuidos (Plan 2010)
sistemas embebidos,Sistemas Embebidos (Plan 2010)
sistemas propulsivos i,Sistemas Propulsivos I (Plan 2024)
taller de ingenieria ii,Taller de Ingeniería II (Plan 2024)
taller de ingeniería i,Taller de Ingeniería I (Plan 2024)
taller ingeniería iii,Taller de Ingeniería III (Plan 2024)
tecn.cad aplicada,Técnicas de Creatividad Aplicada
tecn.de analisis fisicoquimicas,Técnicas de Análisis Fisicoquímicos (Plan 2024)
tecn.de creatividad aplic,Técnicas de Creatividad Aplicada
tecn.y diseño de mater.de const,Tecnología y Diseño  de Materiales de Construcción
tecnicas de analisis fisicoquimica,Técnicas de Análisis Fisicoquímicos (Plan 2024)
tecnologia,Tecnología (Plan 2003)
tecnologia mecanica,Procesos de Fabricación I (Plan 2024)
tecnologia mecanica ii,Tecnología mecánica II (Plan 2003)
tecnologias informaticas a ii,Tecnologías Informáticas A (ING6301) (Plan 2024)
tecnologias informaticas b ii,Tecnologías Informáticas B (ING6302) (Plan 2024)
tecnología de control,Tecnología de Control (Ing. Industrial)
teoria de la información,Teorías de la Información y la Comunicación (Plan 2024) / Teoría de la Información (Plan 2010)
teoria de señales y sistemas,Teoría de Señales y Sistemas (Plan 2024) / Señales y Sistemas (Plan 2003)
termodinamica (mater.),Termodinámica de Materiales (Plan 2024) / Química Física (Plan 2003)
termodinamica i (alim.),Termodinámica de Alimentos I (Plan 2024)
termodinamica i(alim.),Termodinámica de Alimentos I (Plan 2024)
termodinamica(mat.),Termodinámica de Materiales (Plan 2024) / Química Física (Plan 2003)
termodinámica i,Termodinámica de Alimentos I (Plan 2024)
termodinámica industrial,Termodinámica Industrial (Plan 2024) / Introducción a la Termodinámica y Máquinas Térmicas (Plan 2024) / Termodinámica y Máquinas Térmicas (Plan 2003)
trabajo final (alim),Trabajo Final de Ingeniería en Alimentos
trabajo final (ind),Trabajo Final de Ingeniería Industrial
trabajo final (qca),Trabajo Final de Ingeniería Química
trabajo final qca,Trabajo Final de Ingeniería Química
trabajo final química t,Trabajo Final de Ingeniería Química
transferencia de masa,"Transferencia de Masa, Transferencia de Masa en alimentos"
transmision del ee,Transmisión de la Energía Eléctrica (Plan 2003)
trat.de efluentes liq,Tratamiento de Efluentes Líquidos (Plan 2003)
álgebra ii a1 p,Álgebra II
álgebra ii a1 t,Álgebra II
álgebra ii a2 p,Álgebra II
álgebra ii a3,Álgebra II
álgebra ii a3 p,Álgebra II
álgebra ii a3 t,Álgebra II
automatizacion b,Automatización B (Plan 2024)
programación b p,Programación B (Plan 2024)
programación c p,Programación C (Plan 2024) / Programación III (Plan 2010)
programación c t,Programación C (Plan 2024) / Programación III (Plan 2010)
comportamiento organizacional y relaciones/administración de rh(op.y oblig.),Comportamiento Organizacional
física ci t,Fisica C-I/Fisica 3
ingeniería de sistemas de procesos,Ingeniería de Sistemas de Procesos (Plan 2024)
calid. de sofware a tp-taller de programacion in,Calidad de Software A (Plan 2024) / Taller de Programación I (Plan 2010)
formulacion y eval.de proyectos,Ingeniería Económica (850) / Formulación y Evaluación de Proyectos de Inversión (8406)
seminarios incitaa,Seminarios INCITAA
estrategias para productos de software,Estrategias para Productos de Software (Optativa) (Plan 2024)
lineas de transm. y antenas,Líneas de Transmisión y Antenas (Plan 2024)
formulacion y eval.de proy,Ingeniería Económica (850) / Formulación y Evaluación de Proyectos de Inversión (8406)
trib.fricc.desgaste y lubricacion,"Tribología, Fricción, Desgaste y Lubricación (Plan 2024) / Tribología (Plan 2003)"
seminario de energías renovables,Seminario de Energías Renovables (Plan 2024)
administración empresarial en la economia del conocimiento,Administración Empresarial en la Economía del Conocimiento (ING8401) / Organización y Dirección Industrial (865) Alias 2
gest.de logistica integ.y cad.de sumistro,Logística (883) / Gestión de la Logísitica Integral y Cadena de Suministros (8307)
admistracion estrategica,Organización y Dirección Industrial III (866) / Administración Estratégica (8302)