materia_aulario,titulo_crudo_ejemplo,clases_scrapeadas,outlook_asignatura,outlook_codigo,outlook_docente,score_aulario_outlook,campus_nombre_completo,campus_profesores,score_outlook_campus,metodo_match
accion.electricos,accion.electricos-(TP),1,ACCIONAMIENTOS ELÉCTRICOS,335,"FERREYRA, RUBEN",0.971,Accionamientos Eléctricos (Plan 2003),RUBEN ADRIAN ZUANETTI,1.0,nombre
algebra 1a,algebra 1A (T),2,ÁLGEBRA I-A,INGM10,"DISTEFANO, LAURA",1.0,Álgebra I-A,CARLOS ANTONIO CHIURO; ANABELLA SOLEDAD DI MARCO; MARIA LAURA DISTEFANO; PROF. VIVIAN FANOVICH; PATRICIA MONICA MARTINEZ; LUCIA VIVIANA PALAURO,1.0,profesor+nombre
algebra 1b (a1),algebra 1B (A1),1,ÁLGEBRA I-B,INGM10,CHIURO CARLOS ANTONIO,1.0,Álgebra I-B,MARIA BELEN ALVAREZ; CARLOS ANTONIO CHIURO; ADRIANA ELISABET GUITIN; FERNANDO AGUSTIN OTERO; MIRIAM GRACIELA PELLICER; MARIA CARMEN QUERCIA; MARIA DE LA PAZ ROSA URRA; MARIA FLORENCIA VECCIA,1.0,profesor+nombre
algebra 1b a1,algebra 1B A1,1,ÁLGEBRA I-B,INGM10,CHIURO CARLOS ANTONIO,1.0,Álgebra I-B,MARIA BELEN ALVAREZ; CARLOS ANTONIO CHIURO; ADRIANA ELISABET GUITIN; FERNANDO AGUSTIN OTERO; MIRIAM GRACIELA PELLICER; MARIA CARMEN QUERCIA; MARIA DE LA PAZ ROSA URRA; MARIA FLORENCIA VECCIA,1.0,profesor+nombre
algebra 1b a2,algebra 1B A2,2,ÁLGEBRA I-B,INGM10,CHIURO CARLOS ANTONIO,1.0,Álgebra I-B,MARIA BELEN ALVAREZ; CARLOS ANTONIO CHIURO; ADRIANA ELISABET GUITIN; FERNANDO AGUSTIN OTERO; MIRIAM GRACIELA PELLICER; MARIA CARMEN QUERCIA; MARIA DE LA PAZ ROSA URRA; MARIA FLORENCIA VECCIA,1.0,profesor+nombre
algebra ia,algebra IA (P),1,ÁLGEBRA A,631,CHIURO CARLOS ANTONIO,0.567,Álgebra I-A,CARLOS ANTONIO CHIURO; ANABELLA SOLEDAD DI MARCO; MARIA LAURA DISTEFANO; PROF. VIVIAN FANOVICH; PATRICIA MONICA MARTINEZ; LUCIA VIVIANA PALAURO,0.815,profesor+nombre
algebra ii,algebra II (T) A 2,3,ÁLGEBRA II,INGM10,"MARTÍNEZ, PATRICIA",1.0,Álgebra II,JOSE CAMPOS; ANABELLA SOLEDAD DI MARCO; VANESA GISELE GALLI; PATRICIA MONICA MARTINEZ; GERMAN ALFREDO PECKER; MARIA FLORENCIA VECCIA,1.0,profesor+nombre
analisis de circuitos,analisis de circuitos,2,ANÁLISIS DE CIRCUITOS,ING4206,"GONZALEZ, ESTEBAN",1.0,Análisis de Circuitos (Plan 2024) / Teoría de Circuitos (Plan 2024) / Teoría de Redes I (Planes 2003-2010),FABRICIO MARIO BASSO; JUAN CRUZ CONCEPCION; BRIAN MAXIMILIANO GLUZMAN; ESTEBAN LUCIO GONZALEZ; MARCELO NICOLAS GUZMAN; MARIANO DAMIAN MOREL; GUSTAVO FERNANDO MURIAS,1.0,profesor+nombre
analisis matematico i,analisis matematico I(P)A2,5,ANÁLISIS MATEMÁTICO I,INGM10,"VIGO, PATRICIA",1.0,Análisis Matemático I,EUGENIO MARTINEZ CANTO; MARIA PATRICIA VIGO,1.0,profesor+nombre
analisis matematico i a1-a2,analisis matematico I A1-A2(P),1,ANÁLISIS MATEMÁTICO I,INGM10,"VIGO, PATRICIA",1.0,Análisis Matemático I,EUGENIO MARTINEZ CANTO; MARIA PATRICIA VIGO,1.0,profesor+nombre
analisis matematico i a1-a3,analisis matematico I A1-A3(P),1,ANÁLISIS MATEMÁTICO I,INGM10,"VIGO, PATRICIA",1.0,Análisis Matemático I,EUGENIO MARTINEZ CANTO; MARIA PATRICIA VIGO,1.0,profesor+nombre
analisis matematico iii,analisis matematico III (T)A1,6,ANÁLISIS MATEMÁTICO III,INGM10,"PASETTO, DANIEL",1.0,Análisis Matemático III,CARLOS ANTONIO CHIURO; SOL AGOSTINA FIGUEROA; VANESA GISELE GALLI; ALFREDO HIPOLITO GONZALEZ; JUAN HUGO ALBERTO MARROCCHI; DANIEL DARIO PASETTO; GERMAN ALFREDO PECKER; MARIA FLORENCIA VECCIA,1.0,profesor+nombre
analisis y diseño de sistemas i,analisis y diseño de sistemas I,2,ANÁLISIS Y DISEÑO DE SISTEMAS I,6A9,"SORIANO, FERNANDO",1.0,Análisis y Diseño de Sistemas A (Plan 2024) / Análisis y Diseño de Sistemas I (Plan 2010),SRECKO ESTANISLAO MILETA; GALIA CAROLINA SERRUYA; PEDRO FERNANDO SORIANO,1.0,profesor+nombre
analisis y protec. de sist. de potencia,analisis y protec. de sist. de potencia(TP),1,ANÁLISIS Y PROTECCIÓN DE SISTEMAS DE POTENCIA,3G4,"ANAUT, DANIEL",0.982,Análisis y Protección de Sistemas de Potencia (Plan 2003),DANIEL ORLANDO ANAUT; ISRAEL JOAQUIN SANCHEZ; JUAN MANUEL VIGNERTE,1.0,profesor+nombre
analisis y protec. de sist.de potencia,analisis y protec. de sist.de potencia,1,ANÁLISIS Y PROTECCIÓN DE SISTEMAS DE POTENCIA,3G4,"ANAUT, DANIEL",0.982,Análisis y Protección de Sistemas de Potencia (Plan 2003),DANIEL ORLANDO ANAUT; ISRAEL JOAQUIN SANCHEZ; JUAN MANUEL VIGNERTE,1.0,profesor+nombre
análisis matemático ii a1 p,Análisis Matemático II A1 P,2,ANÁLISIS MATEMÁTICO II,INGM10,"PASETTO, DANIEL",0.872,Análisis Matemático II,CARLOS ANTONIO CHIURO; SOL AGOSTINA FIGUEROA; DANIEL DARIO PASETTO; GERMAN ALFREDO PECKER; MIRIAM GRACIELA PELLICER; MARIA FLORENCIA VECCIA,1.0,profesor+nombre
análisis matemático ii a1 t,Análisis Matemático II A1 T,1,ANÁLISIS MATEMÁTICO II,INGM10,"PASETTO, DANIEL",0.872,Análisis Matemático II,CARLOS ANTONIO CHIURO; SOL AGOSTINA FIGUEROA; DANIEL DARIO PASETTO; GERMAN ALFREDO PECKER; MIRIAM GRACIELA PELLICER; MARIA FLORENCIA VECCIA,1.0,profesor+nombre
análisis matemático ii a2 p,Análisis Matemático II A2 P,1,ANÁLISIS MATEMÁTICO II,INGM10,"PASETTO, DANIEL",0.872,Análisis Matemático II,CARLOS ANTONIO CHIURO; SOL AGOSTINA FIGUEROA; DANIEL DARIO PASETTO; GERMAN ALFREDO PECKER; MIRIAM GRACIELA PELLICER; MARIA FLORENCIA VECCIA,1.0,profesor+nombre
análisis matemático ii a2 t,Análisis Matemático II A2 T,1,ANÁLISIS MATEMÁTICO II,INGM10,"PASETTO, DANIEL",0.872,Análisis Matemático II,CARLOS ANTONIO CHIURO; SOL AGOSTINA FIGUEROA; DANIEL DARIO PASETTO; GERMAN ALFREDO PECKER; MIRIAM GRACIELA PELLICER; MARIA FLORENCIA VECCIA,1.0,profesor+nombre
análisis matemático ii a3 p,Análisis Matemático II A3 P,2,ANÁLISIS MATEMÁTICO II,INGM10,"PASETTO, DANIEL",0.872,Análisis Matemático II,CARLOS ANTONIO CHIURO; SOL AGOSTINA FIGUEROA; DANIEL DARIO PASETTO; GERMAN ALFREDO PECKER; MIRIAM GRACIELA PELLICER; MARIA FLORENCIA VECCIA,1.0,profesor+nombre
análisis matemático ii a3 t,Análisis Matemático II A3 T,1,ANÁLISIS MATEMÁTICO II,INGM10,"PASETTO, DANIEL",0.872,Análisis Matemático II,CARLOS ANTONIO CHIURO; SOL AGOSTINA FIGUEROA; DANIEL DARIO PASETTO; GERMAN ALFREDO PECKER; MIRIAM GRACIELA PELLICER; MARIA FLORENCIA VECCIA,1.0,profesor+nombre
aplicaciones de hidráulica y neumática,aplicaciones de hidráulica y neumática (T-P),1,APLICACIONES DE HIDRAÚLICA Y NEUMÁTICA,ING2214,"ZUCAL, RICARDO",1.0,Aplicaciones de la Hidráulica y Neumática (Plan 2024),David Crovo; GUILLERMO JUAN PLUCHINO; RICARDO JAVIER ZUCAL,1.0,profesor+nombre
arq. de computadoras,arq. de computadoras,1,ARQUITECTURA DE COMPUTADORAS,6A5,"MONTINI, PABLO",0.967,Fundamentos de la Arquitectura de Computadoras (Plan 2024) / Arquitectura de Computadoras (Plan 2010),JUAN IGNACIO ITURRIAGA; FRANCO LANZILLOTTA; PABLO ARMANDO MONTINI,1.0,profesor+nombre
arq.de computadoras,arq.de computadoras,1,ARQUITECTURA DE COMPUTADORAS,6A5,"MONTINI, PABLO",0.967,Fundamentos de la Arquitectura de Computadoras (Plan 2024) / Arquitectura de Computadoras (Plan 2010),JUAN IGNACIO ITURRIAGA; FRANCO LANZILLOTTA; PABLO ARMANDO MONTINI,1.0,profesor+nombre
base de datos ii (op),base de datos II (OP),2,BASES DE DATOS II,6O11,"GENIN, FERNANDO",0.857,Bases de Datos II (Plan 2010),FERNANDO JAVIER GENIN,1.0,profesor+nombre
bases de datos p,Bases de Datos P,1,BASES DE DATOS,6B6,"SEIJAS, LETICIA",0.818,Bases de Datos (Plan 2010),CLAUDIO JOSE GEA; FRANCO LANZILLOTTA; LETICIA MARIA SEIJAS; FRANCISCO STIMMLER,1.0,profesor+nombre
bases de datos t,Bases de Datos T,1,BASES DE DATOS,6B6,"SEIJAS, LETICIA",0.818,Bases de Datos (Plan 2010),CLAUDIO JOSE GEA; FRANCO LANZILLOTTA; LETICIA MARIA SEIJAS; FRANCISCO STIMMLER,1.0,profesor+nombre
biomateriales,biomateriales-(TP),2,BIOMATERIALES,552,"BALLARRE, JOSEFINA",1.0,Biomateriales,GUSTAVO ABEL ABRAHAM; JOSEFINA BALLARRE; SILVIA MARCELA CERE; MARIA  ROSA KATUNAR,1.0,profesor+nombre
bioquímica de alimentos,bioquímica de alimentos,1,QUÍMICA Y BIOQUÍMICA DE ALIMENTOS,1BH,"ANSORENA, ROBERTA",0.805,Química y Bioquímica de Alimentos (Plan 2003),MARIA ROBERTA ANSORENA; KARINA CECILIA DI SCALA; MARIA PAULA GIACOMINI; MARIA GABRIELA GOÑI; LUCAS PAN,1.0,profesor+nombre
calculos y elem. de maq,calculos y elem. de maq.,1,CÁLCULO DE ELEMENTOS DE MÁQUINAS,239,"ZUCAL, RICARDO",0.962,Cálculo de Elementos de Máquinas (Plan 2003),Gonzalo Martín Bascones; ROBERTO RAFAEL FERNANDEZ; ISAIAS VIDAL; RICARDO JAVIER ZUCAL,1.0,profesor+nombre
circuitos electronicos ii,circuitos electronicos II,3,CIRCUITOS ELECTRÓNICOS II,4C4,"MESCHINO, GUSTAVO",1.0,"Circuitos Electrónicos II (Plan 2003, 4C4)",JULIAN ANTONACCI; GUSTAVO JAVIER MESCHINO; FACUNDO IGNACIO ROLDAN,0.683,profesor+nombre
comunicaciones digitales,comunicaciones digitales(TP),2,COMUNICACIONES DIGITALES,4C5,"CASTIÑEIRA MOREIRA, JORGE",1.0,Comunicaciones Digitales (Plan 2003),JORGE CASTIÑEIRA MOREIRA,1.0,nombre
concepto de economía industrial,concepto de economía industrial(TP),2,CONCEPTOS DE ECONOMÍA INDUSTRIAL,ING8414,"BLANCO, GERMAN",0.997,Economía Industrial/Conceptos de Ingeniería Industrial (ING8414/857),GERMAN BLANCO; FEDERICO CAMINO; PABLO ARIEL DELMONTE; DARIO MAXIMILIANO DIMARCO; ALBERTO MANUEL LOPEZ; CAROLINA MONTAÑA (Administración DII),0.799,profesor+nombre
control,control,1,CONTROL,4 E 2,"KLOSTER, WALTER",1.0,Control (Plan 2003),MARIA PAULA CERVELLINI; ESTEFANY GABRIELA CUJANO AYALA; EUGENIO MARTÍN GELOS; SERGIO ALEJANDRO GONZALEZ; WALTER PEDRO KLOSTER,1.0,profesor+nombre
control 4e2,Control 4E2,1,CONTROL,4 E 2,"KLOSTER, WALTER",0.683,Control (Plan 2003),MARIA PAULA CERVELLINI; ESTEFANY GABRIELA CUJANO AYALA; EUGENIO MARTÍN GELOS; SERGIO ALEJANDRO GONZALEZ; WALTER PEDRO KLOSTER,1.0,profesor+nombre
control discreto,control discreto,2,INTRODUCCIÓN AL CONTROL DISCRETO,4D7,"DONATO, PATRICIO",0.787,Introducción al Control Discreto (Plan 2010),MARIA PAULA CERVELLINI; ESTEFANY GABRIELA CUJANO AYALA; PATRICIO GABRIEL DONATO; SEBASTIAN OSCAR MAESTRI,1.0,profesor+nombre
conv.electromecan.de la energia,conv.electromecan.de la energia-(T),1,PRINCIPIOS DE CONVERSIÓN DE ENERGÍA,1QR,NO SE DICTA,0.656,Conversión Electromecánica de la Energía (ING2212) (Plan 2024),JULIO CESAR BRANDA; JUSTO JOSÉ ROBERTS; GUILLERMO NICOLAS SANTINI,0.652,nombre
conversion electromecanica de la energia,conversion electromecanica de la energia,1,PRINCIPIOS DE CONVERSIÓN DE ENERGÍA,1QR,NO SE DICTA,0.652,Conversión Electromecánica de la Energía (ING2212) (Plan 2024),JULIO CESAR BRANDA; JUSTO JOSÉ ROBERTS; GUILLERMO NICOLAS SANTINI,0.652,nombre
corrosion,corrosion (TP),2,CORROSIÓN,585,"TISSERA, MARCOS",1.0,Corrosión,LISANDRO ESCALADA; MARCOS GABRIEL TISSERA; MATIAS HERNAN VALDES,1.0,profesor+nombre
desarrollo emprendedor y creación de empresas,Desarrollo Emprendedor y Creación de Empresas,1,DESARROLLO EMPRENDEDOR Y LA CREACIÓN DE EMPRESAS DE BASE TECNOLÓGICA,872,"MORCELA, ANTONIO",0.804,Desarrollo Emprendedor y creación de empresas de base tecnológica (872) / Desarrollo Emprendedor y Creación de Empresas Basadas en el Conocimiento (8514),FABRICIO MARIO BASSO; JACQUELINE ANDREA BOUNOURE; CAROLINA MONTAÑA (Administración DII); OSCAR ANTONIO MORCELA,1.0,codigo+profesor+nombre
dibujo b,dibujo B (T-P),1,DIBUJO B,INGF105,"MALLO, FERNANDO",1.0,Dibujo B (Plan 2024),IGNACIO AGUSTIN NEME; AGUSTIN SALDARINI; MAXIMO FERNANDO SORIA; CRISTIAN HERNAN TEALDI,1.0,nombre
direccion de ventas industriales,Direccion de ventas industriales,1,DIRECCIÓN DE VENTAS INDUSTRIALES,874,"DE ELORZA, RICARDO",1.0,Organización y Dirección Industrial (865) / Organización Empresarial e Industrial (8411),SERGIO ALEJANDRO COMPANY; RAUL NESTOR DEMATTEIS; MATIAS DANIEL GONZALEZ TRIGO; SEBASTIAN EZEQUIEL LAROCCA; ALBERTO MANUEL LOPEZ; CAROLINA MONTAÑA (Administración DII),0.663,nombre
diseñ de integ.de equip.est.e integ.de cañerias y recip,diseñ de integ.de equip.est.e integ.de cañerias y recip.,1,INTEGRIDAD DE CAÑERIAS Y RECIPIENTES DE,592,"RUBERTIS, ESTEBAN",0.596,Diseño e Integridad de Equipos Estáticos,Abigail Araujo; ESTEBAN ENRIQUE RUBERTIS,0.32,profesor
diseño con microondas,diseño con microondas,2,DISEÑO DE AUTOMATISMOS,4O11,"KUZMAN, MELISA",0.517,Diseño de automatismos (Planes 2003-2010),MELISA GISELE KUZMAN; JUAN MANUEL LOPEZ; RODRIGO EZEQUIEL RUSSO,0.589,profesor+nombre
diseño de base de datos,diseño de base de datos,1,DISEÑO DE BASES DE DATOS,4F3,"SEIJAS, LETICIA",0.996,Diseño de Base de Datos (Plan 2010),CLAUDIO JOSE GEA; FRANCO LANZILLOTTA; LETICIA MARIA SEIJAS,0.996,profesor+nombre
diseño de integ.de equipos est.y cañerias y resip.de presion,diseño de integ.de equipos est.y cañerias y resip.de presion,1,DISEÑO DE CAÑERÍAS Y RECIPIENTES DE PRESIÓN,2D1,"RUBERTIS, ESTEBAN",0.566,Diseño e Integridad de Equipos Estáticos,Abigail Araujo; ESTEBAN ENRIQUE RUBERTIS,0.285,profesor
diseño de sist. operativos,diseño de sist. operativos,1,DISEÑO DE SISTEMAS OPERATIVOS,4F5,"GIORDANO LERENA, ROBERTO",0.987,Diseño de Sistemas Operativos (Plan 2010),BRUNO EDUARDO NICOLA CONSTANZO; ANA HAYDEE DI IORIO; ROBERTO GIORDANO LERENA,1.0,nombre
diseño de sist.operativos,diseño de sist.operativos,1,DISEÑO DE SISTEMAS OPERATIVOS,4F5,"GIORDANO LERENA, ROBERTO",0.987,Diseño de Sistemas Operativos (Plan 2010),BRUNO EDUARDO NICOLA CONSTANZO; ANA HAYDEE DI IORIO; ROBERTO GIORDANO LERENA,1.0,nombre
diseño e integ.de equipos est.-y de recip.de presion,diseño e integ.de equipos est.-y de recip.de presion,1,DISEÑO DE CAÑERÍAS Y RECIPIENTES DE PRESIÓN,2D1,"RUBERTIS, ESTEBAN",0.605,Diseño e Integridad de Equipos Estáticos,Abigail Araujo; ESTEBAN ENRIQUE RUBERTIS,0.285,profesor
economía de la inovación,Economía de la Inovación,1,ECONOMÍA DE LA INNOVACIÓN,880,"MORCELA, ANTONIO",0.571,Economía de la Innovación (880) / Economía de la Innovación y del Conocimiento (8515),CAROLINA MONTAÑA (Administración DII); OSCAR ANTONIO MORCELA,1.0,codigo+profesor+nombre
elec.de potencia,elec.de potencia,1,ELECTRÓNICA DE POTENCIA,4 E 1,"GONZALES, SERGIO",0.968,Electrónica de Potencia (Plan 2003),SERGIO ALEJANDRO GONZALEZ; MARCOS GABRIEL JUDEWICZ; GUSTAVO DANIEL LAURO,1.0,nombre
electronica aplicada,electronica aplicada,2,ELECTRÓNICA,429,"ARNONE, LEONARDO",0.673,Electrónica (Plan 2003),LEONARDO JOSE ARNONE; CARLOS MARTIN ORALLO,1.0,profesor+nombre
electronica de potencia,electronica de potencia,4,ELECTRÓNICA DE POTENCIA,4 E 1,"GONZALES, SERGIO",1.0,Electrónica de Potencia (Plan 2003),SERGIO ALEJANDRO GONZALEZ; MARCOS GABRIEL JUDEWICZ; GUSTAVO DANIEL LAURO,1.0,nombre
electronica digital,electronica digital,2,ELECTRÓNICA DIGITAL,4D5,"LUVONI, SERGIO",1.0,Electrónica Digital (Plan 2010),SERGIO GABRIEL LUVONI; LUCIANO VERGAGNI SOBRAL,1.0,profesor+nombre
electronica:c,electronica:C,1,ELECTRÓNICA,429,"ARNONE, LEONARDO",0.704,Electrónica (Plan 2003),LEONARDO JOSE ARNONE; CARLOS MARTIN ORALLO,1.0,profesor+nombre
electrotecnia :a,electrotecnia :A,1,ELECTROTECNIA A,ING3201,"FERRO, GUSTAVO",1.0,Electrotecnia A (ING3201) (Plan 2024),GUSTAVO OSCAR BELLISKI; GUSTAVO LUIS FERRO; JUSTO JOSÉ ROBERTS; GUILLERMO NICOLAS SANTINI,1.0,codigo+profesor+nombre
electrotecnia :c,electrotecnia :C,1,ELECTROTECNIA,341,"BELLISKI, GUSTAVO",0.706,Electrotecnia (341) para Ingeniería Mecánica (Plan 2003),GUSTAVO OSCAR BELLISKI; LEONARDO DAVID NICOLINI; GUILLERMO NICOLAS SANTINI,0.51,codigo+profesor
electrotecnia :d,electrotecnia :D,1,ELECTROTECNIA D,ING3204,"BELLISKI, GUSTAVO",1.0,Electrotecnia D (ING3204) (Plan 2024),GUSTAVO OSCAR BELLISKI; FRANCISCO DIEGO GARCIA; LEONARDO DAVID NICOLINI; GUILLERMO NICOLAS SANTINI,1.0,codigo+profesor+nombre
electrotecnia: a,electrotecnia: A,1,ELECTROTECNIA A,ING3201,"FERRO, GUSTAVO",1.0,Electrotecnia A (ING3201) (Plan 2024),GUSTAVO OSCAR BELLISKI; GUSTAVO LUIS FERRO; JUSTO JOSÉ ROBERTS; GUILLERMO NICOLAS SANTINI,1.0,codigo+profesor+nombre
electrotecnia: d,electrotecnia: D (T),1,ELECTROTECNIA D,ING3204,"BELLISKI, GUSTAVO",1.0,Electrotecnia D (ING3204) (Plan 2024),GUSTAVO OSCAR BELLISKI; FRANCISCO DIEGO GARCIA; LEONARDO DAVID NICOLINI; GUILLERMO NICOLAS SANTINI,1.0,codigo+profesor+nombre
emprendimientos tecnologicos,emprendimientos tecnologicos,1,EMPRENDIMIENTOS TECNOLÓGICOS,2D6,"BELMONTE, JUAN CARLOS",1.0,Emprendimientos Tecnológicos,LUIS EDUARDO JAVIER AMATO,1.0,nombre
estatica y resistencia de materiales,estatica y resistencia de materiales,1,ESTÁTICA Y RESISTENCIA DE MATERIALES,228,"MINOTTO, LUIS",1.0,Estática y Resistencia de Materiales (Plan 2003) / Fundamentos de Estática y Resistencia de Materiales (Plan 2024) / Mecánica del Sólido (Plan 2024),NICOLAS EZEQUIEL GRILLI; LUIS ALBERTO MINOTTO; MARIANO ANDRES PUCHEU,1.0,profesor+nombre
estática ii,Estática II,2,ESTÁTICA II,ING2208,"SHEGGIA, NICOLÁS",1.0,Estatica II (Plan 2024) - Estática del Sólido (Plan 2003),Abigail Araujo; SEBASTIAN MARTIN JAUREGUIZAHAR; HERNAN GUILLERMO KUNERT; Matthäus Davi POPOV PEREIRA DA CUNHA; MARIANO ANDRES PUCHEU; NICOLAS SCHEGGIA,0.65,nombre
"etica,leg,y prop.intelec.en el ejercicio prof","etica,leg,y prop.intelec.en el ejercicio prof.",1,"ÉTICA, LEGISLACIÓN Y PROPIEDAD INTELECTUAL EN",ING8405,"SUEYRO, JUAN MANUEL",0.767,"Derecho en Ingeniería (816) - Ética, Legislación y Propiedad Intelectual en el Ejercicio Profesional (8404)",CAMILA FLORES GAYOL; MABEL ELIZABETH HUMANEZ; CAROLINA MONTAÑA (Administración DII); JUAN MANUEL SUEYRO,0.665,profesor+nombre
fisica a,fisica A(TP)-TT,2,FÍSICA EXPERIMENTAL A,INGF106,"GASS, SEBASTIÁN",0.763,Física Experimental A,,1.0,nombre
fisica a (t-t p,fisica A (T-T P,1,FÍSICA EXPERIMENTAL A,INGF106,"GASS, SEBASTIÁN",0.502,Física Experimental A,,1.0,nombre
fisica a (t-t) p,fisica A (T-T) P,1,FÍSICA EXPERIMENTAL A,INGF106,"GASS, SEBASTIÁN",0.502,Física Experimental A,,1.0,nombre
fisica b,fisica B,2,FÍSICA B-I,INGF102,"ARENAS, GUSTAVO",0.813,Física B-I / Física B-II (Plan 2024) / Física 2 (Planes 2003-2010),GUSTAVO FRANCISCO ARENAS; JUAN CARLOS RODRIGUEZ,1.0,profesor+nombre
fisica b- bi y bii,Fisica B- BI y BII (TP),1,FÍSICA B-I,INGF102,"ARENAS, GUSTAVO",0.594,Física B-I / Física B-II (Plan 2024) / Física 2 (Planes 2003-2010),GUSTAVO FRANCISCO ARENAS; JUAN CARLOS RODRIGUEZ,1.0,profesor+nombre
fisica ci,fisica CI (P),2,FÍSICA 2,723,"ARENAS, GUSTAVO",0.549,Física B-I / Física B-II (Plan 2024) / Física 2 (Planes 2003-2010),GUSTAVO FRANCISCO ARENAS; JUAN CARLOS RODRIGUEZ,0.813,profesor+nombre
fisica experimental a,fisica experimental A,1,FÍSICA EXPERIMENTAL A,INGF106,"GASS, SEBASTIÁN",1.0,Física Experimental A,,1.0,nombre
fisicoquimica 1,fisicoquimica 1(TP),1,FISICOQUÍMICA I,ING1201,"MASSA, PAOLA",1.0,Fisicoquímica I (Plan 2024),Gonzalo Ezequiel Butavand; PAOLA ANDREA MASSA; CINTIA ANABELA MAZZUCOTELLI; CINTIA MEIORIN; MARIA DE LA PAZ MIGUEL; MARCO JULIO SANCHEZ; MELANIE JOHANA VELLAZ CARNAVALE; GABRIELA ELENA VIACAVA,1.0,profesor+nombre
fisicoquímica i t,Fisicoquímica I T,1,FISICOQUÍMICA I,ING1201,"MASSA, PAOLA",0.821,Fisicoquímica I (Plan 2024),Gonzalo Ezequiel Butavand; PAOLA ANDREA MASSA; CINTIA ANABELA MAZZUCOTELLI; CINTIA MEIORIN; MARIA DE LA PAZ MIGUEL; MARCO JULIO SANCHEZ; MELANIE JOHANA VELLAZ CARNAVALE; GABRIELA ELENA VIACAVA,1.0,profesor+nombre
fisicoquímica i tp,Fisicoquímica I TP,1,FISICOQUÍMICA I,ING1201,"MASSA, PAOLA",0.816,Fisicoquímica I (Plan 2024),Gonzalo Ezequiel Butavand; PAOLA ANDREA MASSA; CINTIA ANABELA MAZZUCOTELLI; CINTIA MEIORIN; MARIA DE LA PAZ MIGUEL; MARCO JULIO SANCHEZ; MELANIE JOHANA VELLAZ CARNAVALE; GABRIELA ELENA VIACAVA,1.0,profesor+nombre
fisicoquímica ii,Fisicoquímica II (TP),1,FISICOQUÍMICA,1TC,"MIGUEL, MARIA DE LA PAZ",0.706,Fisicoquímica (Plan 2003),LUCILA INES DOUMIC; MAGDALENA LUZ IGLESIAS MONTES; LUCIANA MALBOS; MARIA DE LA PAZ MIGUEL; LUCIA YOHAI DEL CERRO,1.0,profesor+nombre
fluidodinamica,fluidodinamica-(TP),2,FLUIDODINÁMICA COMPUTACIONAL,2C6,"URQUIZA, SANTIAGO",0.667,Fluidodinámica Computacional (Plan 2003),NAHUEL MATIAS JAUREGUI; Marcos López; SANTIAGO A. URQUIZA,1.0,profesor+nombre
fluidos y maq. fluidodinamicas,fluidos y maq. fluidodinamicas,4,MECÁNICA DE LOS FLUIDOS Y MÁQUINAS,295,"URQUIZA, SANTIAGO",0.659,Fluidos y Máquinas Fluidodinámicas (Plan 2024),NAHUEL MATIAS JAUREGUI; Marcos López; DIEGO HERNAN SANTIAGO; NICOLAS SCHEGGIA; SANTIAGO A. URQUIZA,0.651,profesor+nombre
fund. de arq. de comp,Fund. de Arq. de Comp.,2,FUNDAMENTOS DE LA ARQUITECTURA DE,ING6204,"MONTINI, PABLO",0.753,Fundamentos de la Arquitectura de Computadoras (Plan 2024) / Arquitectura de Computadoras (Plan 2010),JUAN IGNACIO ITURRIAGA; FRANCO LANZILLOTTA; PABLO ARMANDO MONTINI,0.798,profesor+nombre
fund. de arq.. de comp. p,Fund. de arq.. de Comp. P,1,FUNDAMENTOS DE LA ARQUITECTURA DE,ING6204,"MONTINI, PABLO",0.636,Fundamentos de la Arquitectura de Computadoras (Plan 2024) / Arquitectura de Computadoras (Plan 2010),JUAN IGNACIO ITURRIAGA; FRANCO LANZILLOTTA; PABLO ARMANDO MONTINI,0.798,profesor+nombre
fund. de metalurgia fisica,fund. de metalurgia fisica (TP),1,METALURGIA FÍSICA,274,"MASSONE, JUAN MIGUEL",0.811,Metalurgia Física (Plan 2003),LUIS EDUARDO JAVIER AMATO; GUSTAVO EDUARDO CARR; ANIBAL CARLOS DI LUCH; DIEGO OMAR FERNANDINO; MARIA PAULA GONZALEZ; JUAN MIGUEL MASSONE,1.0,profesor+nombre
fund.de metalurgia fisica,fund.de metalurgia fisica (TP),1,METALURGIA FÍSICA,274,"MASSONE, JUAN MIGUEL",0.811,Metalurgia Física (Plan 2003),LUIS EDUARDO JAVIER AMATO; GUSTAVO EDUARDO CARR; ANIBAL CARLOS DI LUCH; DIEGO OMAR FERNANDINO; MARIA PAULA GONZALEZ; JUAN MIGUEL MASSONE,1.0,profesor+nombre
fundamentos de la programacion,fundamentos de la programacion,6,FUNDAMENTOS DE LA PROGRAMACIÓN,ING6101,"ZAPIRAIN, ESTEBAN AITOR",1.0,Fundamentos de la Programación (Plan 2024) / Computación (Plan 2003),FRANCO LANZILLOTTA; CRISTIAN EMANUEL ORDOÑEZ; DANIEL DARIO PASETTO; ESTEBAN AITOR ZAPIRAIN,1.0,profesor+nombre
fundamentos de la qca,fundamentos de la Qca .,4,FUNDAMENTOS DE QUÍMICA,ING1103,"ABRAHAM, GUSTAVO",0.557,Fundamentos de Química - Alias 2 (Plan 2024),GUSTAVO ABEL ABRAHAM; MARIA PAULA GIACOMINI; LUCAS PAN; MARIA FLORENCIA SILVA BARNI; GABRIELA ELENA VIACAVA; Agustina Zambrana,0.691,profesor+nombre
física a,Física A (TP)-TM,2,FÍSICA EXPERIMENTAL A,INGF106,"GASS, SEBASTIÁN",0.763,Física Experimental A,,1.0,nombre
física b -(bi- bii ),Física B -(BI- BII )-TP,1,FÍSICA B-I,INGF102,"ARENAS, GUSTAVO",0.594,Física B-I / Física B-II (Plan 2024) / Física 2 (Planes 2003-2010),GUSTAVO FRANCISCO ARENAS; JUAN CARLOS RODRIGUEZ,1.0,profesor+nombre
física c i p,Física C I P,2,FÍSICA C-I,INGF104,"ZARLENGA, DANIEL",0.865,Fisica C-I/Fisica 3,,1.0,nombre
física c i t,Física C I T,1,FÍSICA C-I,INGF104,"ZARLENGA, DANIEL",0.865,Fisica C-I/Fisica 3,,1.0,nombre
física c ii p,Física C II P,2,FÍSICA C-II,INGF105,"ZARLENGA, DANIEL",0.865,Fisica C-II,,1.0,nombre
física c ii t,Física C II T,1,FÍSICA C-II,INGF105,"ZARLENGA, DANIEL",0.865,Fisica C-II,,1.0,nombre
gest. del mantenimiento,gest. del mantenimiento(T),2,GESTIÓN DEL MANTENIMIENTO,858,"BANDERA, LEONARDO",0.988,Gestión del Mantenimiento (858)/ Gestión Integral del Mantenimiento (8309),LEONARDO GUSTAVO BANDERA; JORGE EMILIANO FUERTES; DANIEL ADRIAN GALLO; CAROLINA MONTAÑA (Administración DII),1.0,codigo+profesor+nombre
gest.de seg.informatica y seg.en sist,gest.de seg.informatica y seg.en sist.(T),3,GESTIÓN DE LA SEGURIDAD INFORMÁTICA,6O8,"RICO, CARLOS",0.741,Gestión de la Seguridad Informática (Plan 2010),VALERIA ALEJANDRA DI CROCE; HERNAN HINOJAL; Eduardo Martín Malvacio; CARLOS ALBERTO RICO,1.0,profesor+nombre
gestion de proy.informaticos (op),gestion de proy.informaticos (OP),1,GESTIÓN DE PROYECTOS,294,"LOMBERA, GUILLERMO",0.667,Gestión de Proyectos Kaizen (8517),MARIELA BEATRIZ AMBRUSTOLO; ROSARIO GOYENECHE; MARINA ALEJANDRA MIGUELES; CAROLINA MONTAÑA (Administración DII),0.804,nombre
gestion de proy.informaticos(op),gestion de proy.informaticos(OP),1,GESTIÓN DE PROYECTOS,294,"LOMBERA, GUILLERMO",0.667,Gestión de Proyectos Kaizen (8517),MARIELA BEATRIZ AMBRUSTOLO; ROSARIO GOYENECHE; MARINA ALEJANDRA MIGUELES; CAROLINA MONTAÑA (Administración DII),0.804,nombre
gestion de proyectos kaizer(op),gestion de proyectos Kaizer(OP),1,GESTIÓN DE PROYECTOS,294,"LOMBERA, GUILLERMO",0.683,Gestión de Proyectos Kaizen (8517),MARIELA BEATRIZ AMBRUSTOLO; ROSARIO GOYENECHE; MARINA ALEJANDRA MIGUELES; CAROLINA MONTAÑA (Administración DII),0.804,nombre
industrias alimentarias,industrias alimentarias (T-P),2,INDUSTRIAS ALIMENTARIAS,1AC,"MOREIRA, MARIA DEL ROSARIO",1.0,Industrias Alimentarias (Plan 2003),MARIA VICTORIA ALVAREZ; MARIA PAULA GIACOMINI; MARIA DEL ROSARIO MOREIRA,1.0,profesor+nombre
industrias químicas,Industrias Químicas(TP),1,INDUSTRIAS QUÍMICAS,1QG,"MONTEMARTINI, PABLO",1.0,Industrias Químicas (Plan 2003),ULISES MARTIN CASADO; PABLO EZEQUIEL MONTEMARTINI,1.0,profesor+nombre
informatica basica,informatica basica-T,9,INFORMÁTICA BÁSICA,ING6102,"GENIN, FERNANDO",1.0,Informática Básica - 2C - 2026 (Plan 2024),IVAN ADOLFO AHUMADA; Erik Gabriel BORGNIA GIANNINI; FERNANDO JAVIER GENIN; WENCESLAO MATEOS; SRECKO ESTANISLAO MILETA; MICAELA RASSO,0.606,profesor+nombre
informatica en la empresa,informatica en la empresa(T),3,INFORMÁTICA EN LA EMPRESA,834,"ESTEBAN, ALEJANDRA",1.0,Informática en la Empresa (834) / Sistemas Informáticos de Gestón (8417),IGNACIO DANIEL BOLOQUY; ALEJANDRA MARIA ESTEBAN; CAROLINA MONTAÑA (Administración DII); NICOLAS AGUSTIN PALERMO; MARCOS GERMAN SCHUALLE,1.0,codigo+profesor+nombre
inge.en software,inge.en software,1,INGENIERÍA DE SOFTWARE,4 E 5,"GARCIA, NOELIA",0.972,Ingeniería de Software (Plan 2010),NOELIA ANAHI GARCIA; FERNANDO ATILIO ZAGNONI,1.0,profesor+nombre
ingenieria sanitaria,ingenieria sanitaria,1,INGENIERÍA SANITARIA,884,"MORCELA, ANTONIO",1.0,Ingeniería Sanitaria (885)/ Ingeniería Sanitaria (8519),JEREMIAS JUAN ISPIZUA; CAROLINA MONTAÑA (Administración DII); OSCAR ANTONIO MORCELA; CARLOS JOAQUIN NEGRI,1.0,profesor+nombre
ingeniería de las reacciones homogéneas,Ingeniería de las Reacciones Homogéneas,2,INGENIERÍA DE LAS REACCIONES HOMOGÉNEAS,1QA,"FASCE, LAURA",1.0,Ingeniería de las Reacciones Homogéneas (Plan 2003),MARIA ALEJANDRA AYUDE; LUCILA INES DOUMIC; LAURA ALEJANDRA FASCE; GIANINA  ANDREA KLOSTER; LUCIANA MALBOS; IRENE TERESITA SEOANE; Lautaro Teper Marinelli,1.0,profesor+nombre
ingeniería económica,Ingeniería Económica,1,INGENIERÍA ECONÓMICA,850,"CARRIZO, GUILLERMO",1.0,Ingeniería Económica (850) / Formulación y Evaluación de Proyectos de Inversión (8406),FEDERICO CAMINO; GUILLERMO ADRIAN CARRIZO; PABLO ARIEL DELMONTE; LILIANA BEATRIZ GADALETA; LEANDRO LENZI; ALBERTO MANUEL LOPEZ; RICARDO MANUEL MASSANO; CAROLINA MONTAÑA (Administración DII),1.0,codigo+profesor+nombre
ingles profesional b (com.i),ingles profesional B (com.I),1,INGLÉS PROFESIONAL I,841,"DI BENEDETTO, CAROLINA",0.709,Ingles Profesional I/Inglés Profesional A,EVA BRUNSTEIN BLUM; MAIA COTLEROFF; NANCY CAROLINA DI BENEDETTO; MARIA ANDREA GIULIANO; CAROLINA MONTAÑA (Administración DII),1.0,nombre
ingles profesional b (com.ii),ingles profesional B (com.II),1,INGLÉS PROFESIONAL I,841,"DI BENEDETTO, CAROLINA",0.709,Ingles Profesional I/Inglés Profesional A,EVA BRUNSTEIN BLUM; MAIA COTLEROFF; NANCY CAROLINA DI BENEDETTO; MARIA ANDREA GIULIANO; CAROLINA MONTAÑA (Administración DII),1.0,nombre
ingles profesional b(com ii),ingles profesional B(com II),1,INGLÉS PROFESIONAL II,842,"DI BENEDETTO, CAROLINA",0.768,Ingles Profesional II/ Inglés Profesional B,EVA BRUNSTEIN BLUM; MAIA COTLEROFF; NANCY CAROLINA DI BENEDETTO; MARIA ANDREA GIULIANO; CAROLINA MONTAÑA (Administración DII); MARIA VALERIA SMOLJE,1.0,nombre
ingles profesional b(com.ii),ingles profesional B(com.II),1,INGLÉS PROFESIONAL I,841,"DI BENEDETTO, CAROLINA",0.709,Ingles Profesional I/Inglés Profesional A,EVA BRUNSTEIN BLUM; MAIA COTLEROFF; NANCY CAROLINA DI BENEDETTO; MARIA ANDREA GIULIANO; CAROLINA MONTAÑA (Administración DII),1.0,nombre
ingles tecnico i (com. i),ingles tecnico I (com. I),1,INGLÉS TÉCNICO I,855,"BRUNSTEIN BLUM, EVA",1.0,Ingles Técnico I (855) / Inglés I (8408),EVA BRUNSTEIN BLUM; MAIA COTLEROFF; NANCY CAROLINA DI BENEDETTO; CAROLINA MONTAÑA (Administración DII); MARIA VALERIA SMOLJE,1.0,codigo+nombre
ingles tecnico i (com. ii),ingles tecnico I (com. II),1,INGLÉS TÉCNICO I,855,"BRUNSTEIN BLUM, EVA",1.0,Ingles Técnico I (855) / Inglés I (8408),EVA BRUNSTEIN BLUM; MAIA COTLEROFF; NANCY CAROLINA DI BENEDETTO; CAROLINA MONTAÑA (Administración DII); MARIA VALERIA SMOLJE,1.0,codigo+nombre
ingles tecnico i(com:i),ingles tecnico I(com:I),2,INGLÉS TÉCNICO I,855,"BRUNSTEIN BLUM, EVA",1.0,Ingles Técnico I (855) / Inglés I (8408),EVA BRUNSTEIN BLUM; MAIA COTLEROFF; NANCY CAROLINA DI BENEDETTO; CAROLINA MONTAÑA (Administración DII); MARIA VALERIA SMOLJE,1.0,codigo+nombre
ingles tecnico ii (com. i),ingles tecnico II (com. I),1,INGLÉS TÉCNICO II,856,"BRUNSTEIN BLUM, EVA",1.0,Ingles Técnico II (856) / Inglés II (8409),EVA BRUNSTEIN BLUM; MAIA COTLEROFF; NANCY CAROLINA DI BENEDETTO; MARIA ANDREA GIULIANO; CAROLINA MONTAÑA (Administración DII),1.0,codigo+nombre
ingles tecnico ii (com. ii),ingles tecnico II (com. II),2,INGLÉS TÉCNICO II,856,"BRUNSTEIN BLUM, EVA",1.0,Ingles Técnico II (856) / Inglés II (8409),EVA BRUNSTEIN BLUM; MAIA COTLEROFF; NANCY CAROLINA DI BENEDETTO; MARIA ANDREA GIULIANO; CAROLINA MONTAÑA (Administración DII),1.0,codigo+nombre
ingles tecnico ii(com-.i),ingles tecnico II(com-.I),1,INGLÉS TÉCNICO II,856,"BRUNSTEIN BLUM, EVA",1.0,Ingles Técnico II (856) / Inglés II (8409),EVA BRUNSTEIN BLUM; MAIA COTLEROFF; NANCY CAROLINA DI BENEDETTO; MARIA ANDREA GIULIANO; CAROLINA MONTAÑA (Administración DII),1.0,codigo+nombre
"inst,termomecanicas","inst,termomecanicas",1,INSTALACIONES TERMOMECÁNICAS,238,"CALDERA, MARTIN",0.971,Transferencia y Tecnología del Calor (Plan 2024) / Instalaciones Termomecánicas (Plan 2003),MARTIN MIGUEL APESTEGUIA; MARTIN CALDERA; FAVIO ALEJANDRO CAMILLETTI; JUAN ALBERTO SEDRANI,1.0,profesor+nombre
instalaciones : ii,instalaciones : II,1,INSTALACIONES ELÉCTRICAS II,3T2,"FERREYRA, RUBEN",0.79,Instalaciones Eléctricas B (Plan 2024) / Instalaciones Eléctricas II (Plan 2003),HERNÁN DARÍO ANTERO; GUILLERMO JOSE MURCIA; JORGE LUIS STRACK; LUIS GABRIEL VESUBIO,1.0,nombre
instalaciones: ii,instalaciones: II,1,INSTALACIONES ELÉCTRICAS II,3T2,"FERREYRA, RUBEN",0.79,Instalaciones Eléctricas B (Plan 2024) / Instalaciones Eléctricas II (Plan 2003),HERNÁN DARÍO ANTERO; GUILLERMO JOSE MURCIA; JORGE LUIS STRACK; LUIS GABRIEL VESUBIO,1.0,nombre
instrumentacion electronica,instrumentacion electronica,2,INSTRUMENTACIÓN ELECTRÓNICA,4C3,"RIVERA, RAUL",1.0,Instrumentación Electrónica (Plan 2003),JUAN MANUEL LOPEZ; ESTEBAN NAHUEL REVELLI; RODRIGO EZEQUIEL RUSSO,1.0,nombre
int. a la ing. mecánica,Int. a la Ing. Mecánica,1,INTRODUCCIÓN A LA INGENIERÍA MECÁNICA,ING2401,"SOSA, DANIEL",0.954,Introducción a la Ingeniería Mecánica (Plan 2024),LUIS EDUARDO JAVIER AMATO; Gonzalo Martín Bascones; MIRCO DANIEL CHAPETTI; LUCAS COLABELLA; MARIA PAULA GONZALEZ; ALEJO DANIEL MANDRI; AMADEO DANIEL SOSA; Exequiel Zornetta; RICARDO JAVIER ZUCAL,1.0,profesor+nombre
int. a la mat. discreta,Int. a la Mat. Discreta (T)A1,1,INTRODUCCIÓN A LA MATEMÁTICA DISCRETA,INGM10,"MESSINEO, MARIA GABRIELA",0.954,Introducción a la Matemática Discreta (Plan 2024) / Matemática Discreta (Plan 2010),MARIA ANDREA GABRIEL AZNAR; CAMILO RICARDO CATR DEL FIORE; ALFREDO HIPOLITO GONZALEZ; GABRIELA MESSINEO; CAROLINA PANDOLFI,1.0,profesor+nombre
int. a la mat.discreta,Int. a la Mat.Discreta(P)A1,1,INTRODUCCIÓN A LA MATEMÁTICA DISCRETA,INGM10,"MESSINEO, MARIA GABRIELA",0.954,Introducción a la Matemática Discreta (Plan 2024) / Matemática Discreta (Plan 2010),MARIA ANDREA GABRIEL AZNAR; CAMILO RICARDO CATR DEL FIORE; ALFREDO HIPOLITO GONZALEZ; GABRIELA MESSINEO; CAROLINA PANDOLFI,1.0,profesor+nombre
int.al modelado computacional,int.al modelado computacional(P),3,INTELIGENCIA COMPUTACIONAL,4F1,"MESCHINO, GUSTAVO",0.795,"Inteligencia Computacional (Planes 2003-2010, 4F1)",ESTEFANY GABRIELA CUJANO AYALA; MARIELA AZUL GONZALEZ; GUSTAVO JAVIER MESCHINO; FACUNDO IGNACIO ROLDAN,0.532,profesor
inteligencia artificial,Inteligencia Artificial,2,INTELIGENCIA ARTIFICIAL,6B5,"MESCHINO, GUSTAVO",1.0,"Inteligencia Artificial 2025 (Plan 2010, 6B5)",JOAQUIN LEON MARTINEZ FRANCO; GUSTAVO JAVIER MESCHINO; MATIAS MIGUEL YERRO AVINCETTO,0.531,profesor
introd. a la mat discreta,introd. a la mat discreta(T)A2,2,INTRODUCCIÓN A LA MATEMÁTICA DISCRETA,INGM10,"MESSINEO, MARIA GABRIELA",0.965,Introducción a la Matemática Discreta (Plan 2024) / Matemática Discreta (Plan 2010),MARIA ANDREA GABRIEL AZNAR; CAMILO RICARDO CATR DEL FIORE; ALFREDO HIPOLITO GONZALEZ; GABRIELA MESSINEO; CAROLINA PANDOLFI,1.0,profesor+nombre
introd. sist.electricos de potencia,introd. sist.electricos de potencia,1,INTRODUCCIÓN A LOS SISTEMAS ELÉCTRICOS DE,3G5,"DI MAURO, GUILLERMO",0.739,Introducción a los Sistemas Eléctricos de Potencia (Plan 2003),DANIEL ORLANDO ANAUT; GUILLERMO FABIAN DI MAURO; ISRAEL JOAQUIN SANCHEZ,0.888,nombre
introd.a los sist. cad,introd.a los sist. CAD -(P),1,INTRODUCCIÓN A LOS SISTEMAS CAD,3T6,"BLASQUÉZ, HÉCTOR",0.966,Introducción a los Sistemas CAD (3T6) (Plan 2003),HECTOR GERARDO BLASQUEZ; ROBERTO DI GIOVANNI; FRANCISCO DIEGO GARCIA,1.0,codigo+profesor+nombre
introd.al mod. computacional,introd.al mod. computacional-(T)-A1,1,COMPUTACIÓN,615,"ZAPIRAIN, ESTEBAN AITOR",0.519,Fundamentos de la Programación (Plan 2024) / Computación (Plan 2003),FRANCO LANZILLOTTA; CRISTIAN EMANUEL ORDOÑEZ; DANIEL DARIO PASETTO; ESTEBAN AITOR ZAPIRAIN,1.0,profesor+nombre
introd.al proc.dig. de imagenes,introd.al proc.dig. de imagenes,1,INTRODUCCIÓN AL PROCESAMIENTO DIGITAL DE IMÁGENES,4O3,"COMAS, DIEGO",0.957,Introducción al Procesamiento Digital de Imágenes (Planes 2003-2010),RODRIGO AZPILCUETA; DIEGO SEBASTIAN COMAS,0.743,profesor+nombre
introd.al tratam.digital de señales,introd.al tratam.digital de señales,2,TRATAMIENTO DIGITAL DE SEÑALES,4B8,"ORALLO, CARLOS",0.846,Introducción al Tratamiento Digital de Señales (Plan 2024) / Tratamiento Digital de Señales (Plan 2003),CARLOS MARTIN ORALLO; RODRIGO EZEQUIEL RUSSO; ESTEBAN AITOR ZAPIRAIN,1.0,profesor+nombre
introd.sist.electricos de potencia,introd.sist.electricos de potencia,1,INTRODUCCIÓN A LOS SISTEMAS ELÉCTRICOS DE,3G5,"DI MAURO, GUILLERMO",0.739,Introducción a los Sistemas Eléctricos de Potencia (Plan 2003),DANIEL ORLANDO ANAUT; GUILLERMO FABIAN DI MAURO; ISRAEL JOAQUIN SANCHEZ,0.888,nombre
introduccion a polimeros,introduccion a polimeros (TP),2,INTRODUCCIÓN A LA ELECTRÓNICA,4 E 0,"ECHEVERRÍA, NOELIA",0.681,Introducción a la Electrónica Industrial (Plan 2003),,0.852,nombre
introduccion al diseño 3d,introduccion al diseño 3D,1,INTRODUCCIÓN AL DISEÑO 3D,ING5101,"MORAN, JUAN IGNACIO",1.0,Introducción al Diseño 3D,SEBASTIAN MARTIN JAUREGUIZAHAR; AGUSTIN EMILIO SISAMON,1.0,nombre
introducción a los procesos de fabricación,Introducción a los procesos de Fabricación,2,INTRODUCCIÓN A LA ELECTRÓNICA,4 E 0,"ECHEVERRÍA, NOELIA",0.584,Introducción a la Electrónica Industrial (Plan 2003),,0.852,nombre
introducción al desarrollo sostenible,Introducción al desarrollo Sostenible,1,INTRODUCCIÓN AL DESARROLLO SUSTENTABLE,1QS,"MIGNAQUI, VERA",0.706,Introducción al desarrollo sustentable,VERA MIGNAQUI; Marita Naser,1.0,profesor+nombre
investigacion operativa b,investigacion operativa B (T-P),1,INVESTIGACIÓN OPERATIVA B,ING8202,"ESTEBAN, ALEJANDRA",1.0,Investigación Operativa B,ALEJANDRA MARIA ESTEBAN; CAROLINA MONTAÑA (Administración DII); JOSE IGNACIO NICOLAO GARCIA; NICOLAS AGUSTIN PALERMO,1.0,profesor+nombre
investigación operativa b,Investigación Operativa B(TP),1,INVESTIGACIÓN OPERATIVA B,ING8202,"ESTEBAN, ALEJANDRA",1.0,Investigación Operativa B,ALEJANDRA MARIA ESTEBAN; CAROLINA MONTAÑA (Administración DII); JOSE IGNACIO NICOLAO GARCIA; NICOLAS AGUSTIN PALERMO,1.0,profesor+nombre
lab. de ing.en alimentos,lab. de Ing.en Alimentos(TP),1,LABORATORIO DE INGENIERÍA EN ALIMENTOS,1AF,"MANFREDI, LORENA",0.954,Laboratorio de Ingeniería en Alimentos (Plan 2003),GERARDO CHECMAREV; MARIA GABRIELA GOÑI; LORENA PAOLA MANFREDI,1.0,profesor+nombre
lab.de oper.unitarias,lab.de oper.unitarias (T)todas las com.,1,LABORATORIO DE OPERACIONES UNITARIAS,1OE,"DURRUTY, IGNACIO",0.956,Laboratorio de Operaciones Unitarias (Plan 2003),CANDELA ROCIO BARBISAN; NICOLAS CABOT; CARLA DI LUCA; LUCIANO DÓMINE; IGNACIO DURRUTY; MARIA ALEJANDRA FRONTINI; SANDRA SILVIA GONZALEZ; FRANCISCO DANIEL MARTINEZ; ANTONELA BEATRIZ OROFINO; MARIANO PRUDENTE; FRANCO GONZALO REGALINI; JULIETA FABIENNE UICICH,1.0,profesor+nombre
laboratorio ii,Laboratorio II(T-P),1,LABORATORIO II,567,"PETTARIN, VALERIA",1.0,Laboratorio II,SILVANA VALERIA ASMUSSEN; MARIA ANDREA CAMERUCCI; DIEGO OMAR FERNANDINO; LEANDRO NICOLAS LUDUEÑA; MATIAS RAFAEL MARTINEZ GAMBA; VALERIA PETTARIN; EXEQUIEL SANTOS RODRIGUEZ,1.0,profesor+nombre
laboratorio:ii,laboratorio:II-(TP),1,LABORATORIO II,567,"PETTARIN, VALERIA",1.0,Laboratorio II,SILVANA VALERIA ASMUSSEN; MARIA ANDREA CAMERUCCI; DIEGO OMAR FERNANDINO; LEANDRO NICOLAS LUDUEÑA; MATIAS RAFAEL MARTINEZ GAMBA; VALERIA PETTARIN; EXEQUIEL SANTOS RODRIGUEZ,1.0,profesor+nombre
mantenimiento,Mantenimiento,1,GESTIÓN DEL MANTENIMIENTO,858,"BANDERA, LEONARDO",0.681,Gestión del Mantenimiento (858)/ Gestión Integral del Mantenimiento (8309),LEONARDO GUSTAVO BANDERA; JORGE EMILIANO FUERTES; DANIEL ADRIAN GALLO; CAROLINA MONTAÑA (Administración DII),1.0,codigo+profesor+nombre
maq. electricas :a,Maq. electricas :A,2,MÁQUINAS ELÉCTRICAS,342,ROBERTS JUSTO JOSE,0.8,Máquinas Eléctricas A (ING3207) (Plan 2024),JUSTO JOSÉ ROBERTS; GUILLERMO NICOLAS SANTINI,0.823,profesor+nombre
maq. y accion. electricos,Maq. y accion. electricos.-(T),1,MÁQUINAS Y ACCIONAMIENTOS ELÉCTRICOS,3M4,"STRACK, JORGE",0.965,Máquinas y Accionamientos Eléctricos (3M4) (Plan 2003),JULIO CESAR BRANDA; JUAN FRANCISCO MARTINEZ; LEONARDO DAVID NICOLINI; JORGE LUIS STRACK,1.0,codigo+profesor+nombre
maq. y equipos. ind.i,maq. y equipos. ind.I (TP),1,MÁQUINAS TÉRMICAS I,2B1,"MARTINEZ, RICARDO",0.569,Máquinas Térmicas  I (Plan 2003),MARTIN CALDERA; FAVIO ALEJANDRO CAMILLETTI; RICARDO ANTONIO MARTINEZ; ARIEL LEONARDO STOCCHI,1.0,profesor+nombre
maq.y equipos industriales:i,maq.y equipos industriales:I-(TP),1,AUTOMATISMOS INDUSTRIALES I,3T3,"MENNA, MAXIMO",0.599,Automatización A (Plan 2024) / Automatismos Industriales I (3T3) (Plan 2003),GUSTAVO OSCAR BELLISKI; FRANCISCO DIEGO GARCIA,1.0,codigo+nombre
maquinas electricas,Maquinas electricas (T),1,MÁQUINAS ELÉCTRICAS,342,ROBERTS JUSTO JOSE,1.0,Máquinas Eléctricas A (ING3207) (Plan 2024),JUSTO JOSÉ ROBERTS; GUILLERMO NICOLAS SANTINI,0.823,profesor+nombre
maquinas termicas ii,maquinas termicas II,2,MÁQUINAS TÉRMICAS II,220,"MARTINEZ, RICARDO",1.0,Máquinas Térmicas II (Plan 2003),MARTIN CALDERA; FAVIO ALEJANDRO CAMILLETTI; RICARDO ANTONIO MARTINEZ,1.0,profesor+nombre
materiales i,materiales I-(TP),1,MATERIALES MECÁNICOS,2B9,"MASSONE, JUAN MIGUEL",0.528,Materiales Mecánicos (Plan 2003),BERNARDO DAGA; DIEGO OMAR FERNANDINO; MARIA PAULA GONZALEZ; JUAN MIGUEL MASSONE,1.0,profesor+nombre
med.electricas:b,med.electricas:B,2,MEDICIONES ELÉCTRICAS I,3D1,"MURCIA, GUILLERMO",0.682,Mediciones Eléctricas A (Plan 2024) / Mediciones Eléctricas I (Plan 2003),HERNÁN DARÍO ANTERO; JUAN FRANCISCO MARTINEZ; GUILLERMO JOSE MURCIA; JORGE LUIS STRACK,1.0,profesor+nombre
met. numericos,met. numericos,1,MÉTODOS NUMÉRICOS,639,"ALVAREZ, FRANCISCO",0.98,Métodos Numéricos para Ingeniería (Plan 2024) / Métodos Numéricos (Plan 2003-2010),FRANCISCO JOSE ALVAREZ; Agustín Amalfitano; LISANDRO ESCALADA; MARIA BELEN GARACHARI; LUCAS SANCHEZ FELLAY; DAVID BRIAN SMIRNOFF; MARCOS FERNANDO TORRES RASMUSSEN,0.793,profesor+nombre
op. de plantas de proc.(ai),Op. de Plantas de Proc.(AI),1,OPERACIÓN DE PLANTAS DE PROCESOS,ING1501,"DURRUTY, IGNACIO",0.588,Operación de Plantas de Procesos (Plan 2024),LUCIANO DÓMINE; IGNACIO DURRUTY; MARIA ALEJANDRA FRONTINI; SANDRA SILVIA GONZALEZ; ANTONELA BEATRIZ OROFINO; JULIETA FABIENNE UICICH,1.0,profesor+nombre
operacion de planta de proc. aiii,Operacion de planta de proc. AIII,1,OPERACIÓN DE PLANTAS DE PROCESOS,ING1501,"DURRUTY, IGNACIO",0.85,Operación de Plantas de Procesos (Plan 2024),LUCIANO DÓMINE; IGNACIO DURRUTY; MARIA ALEJANDRA FRONTINI; SANDRA SILVIA GONZALEZ; ANTONELA BEATRIZ OROFINO; JULIETA FABIENNE UICICH,1.0,profesor+nombre
operaciones unitarias ii,Operaciones Unitarias II,1,LABORATORIO DE OPERACIONES UNITARIAS,1OE,"DURRUTY, IGNACIO",0.679,Laboratorio de Operaciones Unitarias (Plan 2003),CANDELA ROCIO BARBISAN; NICOLAS CABOT; CARLA DI LUCA; LUCIANO DÓMINE; IGNACIO DURRUTY; MARIA ALEJANDRA FRONTINI; SANDRA SILVIA GONZALEZ; FRANCISCO DANIEL MARTINEZ; ANTONELA BEATRIZ OROFINO; MARIANO PRUDENTE; FRANCO GONZALO REGALINI; JULIETA FABIENNE UICICH,1.0,profesor+nombre
operaciones unitarias-ii,operaciones unitarias-II,1,LABORATORIO DE OPERACIONES UNITARIAS,1OE,"DURRUTY, IGNACIO",0.679,Laboratorio de Operaciones Unitarias (Plan 2003),CANDELA ROCIO BARBISAN; NICOLAS CABOT; CARLA DI LUCA; LUCIANO DÓMINE; IGNACIO DURRUTY; MARIA ALEJANDRA FRONTINI; SANDRA SILVIA GONZALEZ; FRANCISCO DANIEL MARTINEZ; ANTONELA BEATRIZ OROFINO; MARIANO PRUDENTE; FRANCO GONZALO REGALINI; JULIETA FABIENNE UICICH,1.0,profesor+nombre
operaciones unitarias-ii-(ppiq),operaciones unitarias-II-(PPIQ),1,LABORATORIO DE OPERACIONES UNITARIAS,1OE,"DURRUTY, IGNACIO",0.589,Laboratorio de Operaciones Unitarias (Plan 2003),CANDELA ROCIO BARBISAN; NICOLAS CABOT; CARLA DI LUCA; LUCIANO DÓMINE; IGNACIO DURRUTY; MARIA ALEJANDRA FRONTINI; SANDRA SILVIA GONZALEZ; FRANCISCO DANIEL MARTINEZ; ANTONELA BEATRIZ OROFINO; MARIANO PRUDENTE; FRANCO GONZALO REGALINI; JULIETA FABIENNE UICICH,1.0,profesor+nombre
planificacion y ctrl.de la produccion,planificacion y ctrl.de la produccion(TP),1,PLANIFICACIÓN Y CONTROL DE LA PRODUCCIÓN,ING8310,"ONAINE, ADOLFO",0.709,Organización y Dirección Industrial II (849) / Planificación y Control de la Producción (8310),GUILLERMO DANIEL HENDERSON; JEREMIAS JUAN ISPIZUA; CAROLINA MONTAÑA (Administración DII); ADOLFO EDUARDO ONAINE; LUCIANA BELEN TABONE,1.0,profesor+nombre
principios de electronica,principios de electronica-(TP),1,ELECTRÓNICA,429,"ARNONE, LEONARDO",0.667,Electrónica (Plan 2003),LEONARDO JOSE ARNONE; CARLOS MARTIN ORALLO,1.0,profesor+nombre
principios de seg. informatica,principios de seg. informatica,1,GESTIÓN DE LA SEGURIDAD INFORMÁTICA,6O8,"RICO, CARLOS",0.665,Gestión de la Seguridad Informática (Plan 2010),VALERIA ALEJANDRA DI CROCE; HERNAN HINOJAL; Eduardo Martín Malvacio; CARLOS ALBERTO RICO,1.0,profesor+nombre
probabilidad y estadistica,probabilidad y estadistica(T)A1,3,PROBABILIDAD Y ESTADÍSTICA,INGM10,"PASTORE, JUAN IGNACIO",1.0,Probabilidad y Estadística Plan 2024/ Estadística Básica Plan 2003,PAULA AINCHIL; MATIAS ARIEL GARNICA; ALBERTO MANUEL LOPEZ; JUAN HUGO ALBERTO MARROCCHI; DANIELA ALEJANDRA MOLINARI; MARCELA LILIANA NATAL; NICOLAS AGUSTIN PALERMO; JUAN IGNACIO PASTORE,0.691,profesor+nombre
probabilidad y estadística,probabilidad y estadística(P)A2,1,PROBABILIDAD Y ESTADÍSTICA,INGM10,"PASTORE, JUAN IGNACIO",1.0,Probabilidad y Estadística Plan 2024/ Estadística Básica Plan 2003,PAULA AINCHIL; MATIAS ARIEL GARNICA; ALBERTO MANUEL LOPEZ; JUAN HUGO ALBERTO MARROCCHI; DANIELA ALEJANDRA MOLINARI; MARCELA LILIANA NATAL; NICOLAS AGUSTIN PALERMO; JUAN IGNACIO PASTORE,0.691,profesor+nombre
proc.de alimentos,proc.de alimentos (TP),2,PROCESAMIENTO DE ALIMENTOS,1AD,"DI SCALA, KARINA",0.964,Procesamiento de Alimentos (Plan 2003),KARINA CECILIA DI SCALA; ANALIA BELEN GARCIA LOREDO; MARIANINA PEREZ CENCI,1.0,nombre
procesam.de mater.compuestos,procesam.de mater.compuestos-(TP),2,PROCESAMIENTO DE MATERIALES COMPUESTOS,588,"ALVAREZ, VERA",0.975,Procesamiento de Materiales Compuestos,VERA ALEJANDRA ALVAREZ; GASTON MARTIN FRANCUCCI; AGUSTIN EMILIO SISAMON,1.0,profesor+nombre
procesam.de met. y sus aleaciones,Procesam.de Met. y sus Aleaciones-(TP),1,PROCESAMIENTO DE METALES Y SUS ALEACIONES,586,"BASSO, ALEJANDRO",0.975,Procesamiento de Metales y sus Aleaciones,ALEJANDRO DANIEL BASSO; YUK MING XAVIER HUNG HUNG; MARCOS NAHUEL MOLINE; AGUSTIN EMILIO SISAMON,1.0,profesor+nombre
procesam.de met.y sus aleaciones,procesam.de met.y sus aleaciones-(TP),1,PROCESAMIENTO DE METALES Y SUS ALEACIONES,586,"BASSO, ALEJANDRO",0.975,Procesamiento de Metales y sus Aleaciones,ALEJANDRO DANIEL BASSO; YUK MING XAVIER HUNG HUNG; MARCOS NAHUEL MOLINE; AGUSTIN EMILIO SISAMON,1.0,profesor+nombre
procesos de fabricacion i,procesos de fabricacion I,1,PROCESOS INDUSTRIALES I,1OF,"MOSIEWICKI, MIRNA",0.66,Procesos Industriales I (Plan 2003),LUCIA VIRGINIA FERRARO; MIRNA ALEJANDRA MOSIEWICKI; IRENE TERESITA SEOANE,1.0,profesor+nombre
programacion a,programacion A-(T),1,PROGRAMACIÓN ORIENTADA A OBJETOS,4D4,"SPENNATO, PABLO",0.658,Programación Orientada a Objetos (Plan 2010),PABLO DANIEL SPENNATO; MARCO LUIS VIOLA,1.0,profesor+nombre
programacion b,programacion B (P),3,PROGRAMACIÓN I,6A2,GELLON IVONNE,0.564,Programación I (Plan 2024),PABLO DANIEL SPENNATO; MARCO LUIS VIOLA,1.0,nombre
programacion c,programacion C (P),1,PROGRAMACIÓN I,6A2,GELLON IVONNE,0.564,Programación I (Plan 2024),PABLO DANIEL SPENNATO; MARCO LUIS VIOLA,1.0,nombre
programacion ii,programacion II,2,PROGRAMACIÓN II,6A4,"CIRIMELO, SANDRA",1.0,Programación II (Plan 2024) / Algoritmos y Estructura de Datos (Plan 2010),MARIA PAULA CERVELLINI; JUAN IGNACIO ITURRIAGA; MARCO LUIS VIOLA,1.0,nombre
programación a,Programación A,1,PROGRAMACIÓN ORIENTADA A OBJETOS,4D4,"SPENNATO, PABLO",0.658,Programación Orientada a Objetos (Plan 2010),PABLO DANIEL SPENNATO; MARCO LUIS VIOLA,1.0,profesor+nombre
programación a p,Programación A P,6,PROGRAMACIÓN ORIENTADA A OBJETOS,4D4,"SPENNATO, PABLO",0.579,Programación Orientada a Objetos (Plan 2010),PABLO DANIEL SPENNATO; MARCO LUIS VIOLA,1.0,profesor+nombre
programación a t,Programación A T,1,PROGRAMACIÓN ORIENTADA A OBJETOS,4D4,"SPENNATO, PABLO",0.586,Programación Orientada a Objetos (Plan 2010),PABLO DANIEL SPENNATO; MARCO LUIS VIOLA,1.0,profesor+nombre
programación b,Programación B (TP),1,PROGRAMACIÓN I,6A2,GELLON IVONNE,0.564,Programación I (Plan 2024),PABLO DANIEL SPENNATO; MARCO LUIS VIOLA,1.0,nombre
programación c,Programación C (TP),1,PROGRAMACIÓN I,6A2,GELLON IVONNE,0.564,Programación I (Plan 2024),PABLO DANIEL SPENNATO; MARCO LUIS VIOLA,1.0,nombre
"prop, funcionales de (mater)","prop, funcionales de (mater). (T)",1,PROPIEDADES FUNCIONALES,540,"DIAZ, CARLOS",0.787,Propiedades Funcionales,LUCIA ASARO; MIRIAM SUSANA CASTRO; CARLOS GUSTAVO DIAZ; MATIAS HERNAN VALDES,1.0,profesor+nombre
prop. estructurales ii,Prop. Estructurales II (TP),1,PROPIEDADES ESTRUCTURALES II,584,"RUEDA, FEDERICO",0.978,Propiedades Estructurales II,MARIA CAMILA QUINTANA; FEDERICO RUEDA; LUCAS SANCHEZ FELLAY,1.0,profesor+nombre
prop. funcionales de (mater),prop. funcionales de (mater). (T),1,PROPIEDADES FUNCIONALES,540,"DIAZ, CARLOS",0.787,Propiedades Funcionales,LUCIA ASARO; MIRIAM SUSANA CASTRO; CARLOS GUSTAVO DIAZ; MATIAS HERNAN VALDES,1.0,profesor+nombre
prop.estructurales ii,Prop.Estructurales II(TP),1,PROPIEDADES ESTRUCTURALES II,584,"RUEDA, FEDERICO",0.978,Propiedades Estructurales II,MARIA CAMILA QUINTANA; FEDERICO RUEDA; LUCAS SANCHEZ FELLAY,1.0,profesor+nombre
proyecto de ingenieria industrial ii,proyecto de ingenieria industrial II (TP),1,PROYECTO DE INGENIERIA INDUSTRIAL II,ING8502,"GRAMMATICO, JUAN PABLO",1.0,Proyecto de Ingeniería Industrial II,MARIELA BEATRIZ AMBRUSTOLO; MARIA VELIA ARTIGAS; IGNACIO DANIEL BOLOQUY; MAIA CANDELA GERMANO; JUAN PABLO GRAMMATICO; MAURICIO JAVIER MACKENZIE; MARINA ALEJANDRA MIGUELES; CAROLINA MONTAÑA (Administración DII); OSCAR ANTONIO MORCELA; LUCIANA SOLEDAD SANTILLE,1.0,profesor+nombre
proyecto de ingeniería industrial ii,proyecto de ingeniería industrial II,1,PROYECTO DE INGENIERIA INDUSTRIAL II,ING8502,"GRAMMATICO, JUAN PABLO",1.0,Proyecto de Ingeniería Industrial II,MARIELA BEATRIZ AMBRUSTOLO; MARIA VELIA ARTIGAS; IGNACIO DANIEL BOLOQUY; MAIA CANDELA GERMANO; JUAN PABLO GRAMMATICO; MAURICIO JAVIER MACKENZIE; MARINA ALEJANDRA MIGUELES; CAROLINA MONTAÑA (Administración DII); OSCAR ANTONIO MORCELA; LUCIANA SOLEDAD SANTILLE,1.0,profesor+nombre
proyecto de ingeniería industrial iii,proyecto de ingeniería industrial III,1,PROYECTO DE INGENIERIA INDUSTRIAL I,ING8501,"BANDERA, LEONARDO",0.783,Proyecto de Ingeniería Industrial I,LEONARDO GUSTAVO BANDERA; IGNACIO DANIEL BOLOQUY; MARIA VICTORIA D'ONOFRIO; V. GRISELDA GENERA; ESTEFANIA MILANI; CAROLINA MONTAÑA (Administración DII); OSCAR ANTONIO MORCELA,1.0,profesor+nombre
proyecto integrador i,proyecto integrador I,2,PROYECTO TRANSVERSAL I,,,0.671,Proyecto Transversal I (Plan 2024),JUAN ALBERTO ETCHEVERRY; GONZALO ROBERTO FONTANELLA; PABLO FEDERICO GABRI SILVONI; GUSTAVO CESAR UICICH,1.0,nombre
proyecto transversal c3,proyecto transversal C3,1,PROYECTO TRANSVERSAL I,,,0.823,Proyecto Transversal I (Plan 2024),JUAN ALBERTO ETCHEVERRY; GONZALO ROBERTO FONTANELLA; PABLO FEDERICO GABRI SILVONI; GUSTAVO CESAR UICICH,1.0,nombre
proyecto transversal ci,proyecto transversal CI,1,PROYECTO TRANSVERSAL I,,,0.707,Proyecto Transversal I (Plan 2024),JUAN ALBERTO ETCHEVERRY; GONZALO ROBERTO FONTANELLA; PABLO FEDERICO GABRI SILVONI; GUSTAVO CESAR UICICH,1.0,nombre
proyecto transversal ii,proyecto transversal II,3,PROYECTO TRANSVERSAL II,,,1.0,Proyecto Transversal II (Plan 2024),JUAN ALBERTO ETCHEVERRY; GONZALO ROBERTO FONTANELLA; MARCOS GABRIEL JUDEWICZ; PABLO FEDERICO GABRI SILVONI,1.0,nombre
proyecto transversal iv,proyecto transversal IV,2,PROYECTO TRANSVERSAL IV,,,1.0,Proyecto Transversal IV (Plan 2024),MAXIMILIANO ANTONELLI; MARIANO DAMIAN MOREL; EZEQUIEL DARIO RODRIGUEZ,1.0,nombre
proyecto transversal vi,proyecto transversal VI,2,PROYECTO TRANSVERSAL I,,,0.71,Proyecto Transversal I (Plan 2024),JUAN ALBERTO ETCHEVERRY; GONZALO ROBERTO FONTANELLA; PABLO FEDERICO GABRI SILVONI; GUSTAVO CESAR UICICH,1.0,nombre
prueba de suficiencia de inglés,Prueba de Suficiencia de Inglés,1,INGLÉS (EXAMEN DE SUFICIENCIA),,"DI BENEDETTO, CAROLINA",0.651,INGLES: EXAMEN SUFICIENCIA (PLAN 2010) - EXAMEN LIBRE (PLAN 2024),EVA BRUNSTEIN BLUM; NANCY CAROLINA DI BENEDETTO,0.757,nombre
práctica cálculos de elementos de máquinas,Práctica Cálculos de Elementos de Máquinas,1,CÁLCULO DE ELEMENTOS DE MÁQUINAS,239,"ZUCAL, RICARDO",0.854,Cálculo de Elementos de Máquinas (Plan 2003),Gonzalo Martín Bascones; ROBERTO RAFAEL FERNANDEZ; ISAIAS VIDAL; RICARDO JAVIER ZUCAL,1.0,profesor+nombre
quimica del carbono,quimica del carbono-(TP),1,QUÍMICA DEL CARBONO,ING1206,"BUFFA, FABIAN",1.0,Química del Carbono (Plan 2024) / Química Orgánica (Plan 2003),FABIAN ALEJANDRO BUFFA; JUAN MANUEL BUFFA; PAULA MARIELA DESIMONE; VANESA MARIA FUCHS; VANESA MUÑOZ; MARCO JULIO SANCHEZ,1.0,profesor+nombre
quimica del medio ambiente,Quimica del Medio Ambiente,1,QUÍMICA DEL MEDIO AMBIENTE,1QÑ,NO SE DICTA,1.0,Química del Medio Ambiente (Plan 2003),SILVESTRE MANUEL BONGIOVANNI ABEL; VERA MIGNAQUI,1.0,nombre
quimica general e inorganica,quimica general e inorganica,2,QUÍMICA GENERAL E INORGÁNICA,ING1101,"MANFREDI, LILIANA",1.0,Química Inorgánica (Plan 2003),PABLO MARTIN BOTTA; PAULA MARIELA DESIMONE; VANESA MARIA FUCHS; LILIANA BEATRIZ MANFREDI; Raúl Ariel Procaccini; LUCIA YOHAI DEL CERRO,0.803,profesor+nombre
química del carbono,Química del Carbono (TP),2,QUÍMICA DEL CARBONO,ING1206,"BUFFA, FABIAN",1.0,Química del Carbono (Plan 2024) / Química Orgánica (Plan 2003),FABIAN ALEJANDRO BUFFA; JUAN MANUEL BUFFA; PAULA MARIELA DESIMONE; VANESA MARIA FUCHS; VANESA MUÑOZ; MARCO JULIO SANCHEZ,1.0,profesor+nombre
redes de computadoras p,Redes de Computadoras P,1,REDES DE COMPUTADORAS,6B8,"HINOJAL, HERNAN",0.822,Redes de Computadoras (Plan 2010),HERNAN HINOJAL; Franco Kühn; CARLOS ALBERTO RICO,1.0,profesor+nombre
redes de computadoras t,Redes de Computadoras T,1,REDES DE COMPUTADORAS,6B8,"HINOJAL, HERNAN",0.822,Redes de Computadoras (Plan 2010),HERNAN HINOJAL; Franco Kühn; CARLOS ALBERTO RICO,1.0,profesor+nombre
redes de datos,redes de datos,2,REDES DE DATOS,4C9,"CEBEDIO, MARÍA CELESTE",1.0,Redes de Datos,MARIA CELESTE CEBEDIO; LEONARDO OSCAR COPPOLILLO; CRISTIAN HERNAN LOPEZ,1.0,profesor+nombre
redes de datos electrónica,Redes de Datos Electrónica,1,REDES DE DATOS,4C9,"CEBEDIO, MARÍA CELESTE",0.777,Redes de Datos,MARIA CELESTE CEBEDIO; LEONARDO OSCAR COPPOLILLO; CRISTIAN HERNAN LOPEZ,1.0,profesor+nombre
redes de datos/redes de transmision de datos,redes de datos/redes de transmision de datos,2,REDES DE TRANSMISIÓN DE DATOS,4F4,"CEBEDIO, MARÍA CELESTE",0.756,Redes de Transmisión de Datos (Plan 2010),MARIA CELESTE CEBEDIO; LEONARDO OSCAR COPPOLILLO,1.0,profesor+nombre
redes y com .de datos a,Redes y Com .de Datos A,1,REDES DE DATOS,4C9,"CEBEDIO, MARÍA CELESTE",0.685,Redes de Datos,MARIA CELESTE CEBEDIO; LEONARDO OSCAR COPPOLILLO; CRISTIAN HERNAN LOPEZ,1.0,profesor+nombre
redes y com de datos a,Redes y Com de Datos A,2,REDES DE DATOS,4C9,"CEBEDIO, MARÍA CELESTE",0.685,Redes de Datos,MARIA CELESTE CEBEDIO; LEONARDO OSCAR COPPOLILLO; CRISTIAN HERNAN LOPEZ,1.0,profesor+nombre
redes y comun.de datos a,redes y comun.de datos A,1,REDES DE DATOS,4C9,"CEBEDIO, MARÍA CELESTE",0.677,Redes de Datos,MARIA CELESTE CEBEDIO; LEONARDO OSCAR COPPOLILLO; CRISTIAN HERNAN LOPEZ,1.0,profesor+nombre
redes y comunicacion de datos a,redes y comunicacion de datos A,1,REDES DE DATOS,4C9,"CEBEDIO, MARÍA CELESTE",0.656,Redes de Datos,MARIA CELESTE CEBEDIO; LEONARDO OSCAR COPPOLILLO; CRISTIAN HERNAN LOPEZ,1.0,profesor+nombre
seg. hig. y medio ambiente,seg. hig. y medio ambiente(TP),3,"SEGURIDAD, HIGIENE Y MEDIO AMBIENTE",876,"VALOTTO, GUILLERMO",0.972,"Seguridad, Higiene y Medio Ambiente (876) / Sustentabilidad, Higiene y Seguridad (8312)",CAROLINA MONTAÑA (Administración DII); MARIA CLARA PINTO; GUILLERMO GABRIEL VALOTTO; ALEJANDRA ANDREA VIADAS; JUAN PABLO VIGNOLO; MARISA BETINA VILLIAN,1.0,codigo+profesor+nombre
seg.en redes de comp,seg.en redes de comp.,1,SEGURIDAD EN REDES DE COMPUTADORAS,4 E 9,"HADAD, MATIAS",0.95,Seguridad en Redes de Computadoras (Plan 2010),LEONARDO OSCAR COPPOLILLO; MATIAS NICOLAS HADAD,1.0,profesor+nombre
seg.hig. y med. ambiente,seg.hig. y med. ambiente-(TP),1,"SEGURIDAD, HIGIENE Y MEDIO AMBIENTE",876,"VALOTTO, GUILLERMO",0.965,"Seguridad, Higiene y Medio Ambiente (876) / Sustentabilidad, Higiene y Seguridad (8312)",CAROLINA MONTAÑA (Administración DII); MARIA CLARA PINTO; GUILLERMO GABRIEL VALOTTO; ALEJANDRA ANDREA VIADAS; JUAN PABLO VIGNOLO; MARISA BETINA VILLIAN,1.0,codigo+profesor+nombre
seleccion de mater.p/diseño ingenieril,Seleccion de Mater.p/diseño ingenieril(TP),1,SELECCIÓN DE MATERIALES PARA DISEÑO,589,"BALLARRE, JOSEFINA",0.744,Selección de Materiales para Diseño Ingenieril,LUCIA ASARO; JOSEFINA BALLARRE,0.853,profesor+nombre
seleccion de materi.p/ diseño ingenieril,Seleccion de Materi.p/ diseño ingenieril (T-P),1,SELECCIÓN DE MATERIALES PARA DISEÑO,589,"BALLARRE, JOSEFINA",0.747,Selección de Materiales para Diseño Ingenieril,LUCIA ASARO; JOSEFINA BALLARRE,0.853,profesor+nombre
seminario de comunicacion eficaz,seminario de comunicacion eficaz,1,SEMINARIO DE COMUNICACIÓN EFICAZ,RA1,"MILANI, ESTEFANIA",1.0,Seminario de Comunicación Eficaz,V. GRISELDA GENERA; MAURICIO JAVIER MACKENZIE; ESTEFANIA MILANI; CAROLINA MONTAÑA (Administración DII),1.0,profesor+nombre
señales y sist. de tiempo continuo,señales y sist. de tiempo continuo,2,SEÑALES Y SISTEMAS DE TIEMPO CONTINUO,ING4223,,0.99,Señales y Sistemas de Tiempo Continuo (Plan 2024),GUILLERMO NESTOR ABRAS; LUCIANO DI IORIO; ESTEBAN MANRUPE,1.0,nombre
señales y sist.de tiempo continuo,señales y sist.de tiempo continuo,1,SEÑALES Y SISTEMAS DE TIEMPO CONTINUO,ING4223,,0.99,Señales y Sistemas de Tiempo Continuo (Plan 2024),GUILLERMO NESTOR ABRAS; LUCIANO DI IORIO; ESTEBAN MANRUPE,1.0,nombre
sist. de comp. distribuidos ii,Sist. de Comp. Distribuidos II,1,SISTEMAS DE COMPUTACIÓN DISTRIBUIDOS II,4 E 6,"MILETA, SRECKO",0.972,Sistemas de Computación Distribuidos II (Plan 2010),HERNAN HINOJAL; SRECKO ESTANISLAO MILETA,1.0,profesor+nombre
sist. de rep. para ing,Sist. de Rep. para Ing.,1,SISTEMAS DE REPRESENTACIÓN,2C1,"MALLO, FERNANDO",0.766,Dibujo A (Plan 2024) - Sistemas de Representación para ingeniería. (Plan 2024)),MATIAS DANIEL GONZALEZ TRIGO; SANTIAGO MALLO; IGNACIO AGUSTIN NEME; JOAQUIN FRANCISCO ROJAS HRIBIK; AGUSTIN SALDARINI; ADRIAN ALEJANDRO SAURO; MAXIMO FERNANDO SORIA; CRISTIAN HERNAN TEALDI,0.59,profesor+nombre
sist.de comp. distribuidos ii,Sist.de comp. distribuidos II,1,SISTEMAS DE COMPUTACIÓN DISTRIBUIDOS II,4 E 6,"MILETA, SRECKO",0.972,Sistemas de Computación Distribuidos II (Plan 2010),HERNAN HINOJAL; SRECKO ESTANISLAO MILETA,1.0,profesor+nombre
sistemas de control,sistemas de control,5,SISTEMAS DE CONTROL,4C8,"UICICH, GUSTAVO",1.0,Sistemas de Control (Plan 2003),PATRICIO GABRIEL DONATO; ROGELIO ADRIAN GARCIA RETEGUI; AGUSTIN OLARCE; GUSTAVO CESAR UICICH; NICOLAS WASSINGER,1.0,profesor+nombre
sistemas distribuidos p,Sistemas Distribuidos P,1,SISTEMAS DISTRIBUIDOS,6B7,"HINOJAL, HERNAN",0.823,Sistemas Distribuidos (Plan 2010),MARTIN IGNACIO CASAS; JOSE MARIANO FINOCHIETTO; HERNAN HINOJAL; JOAQUIN LEON MARTINEZ FRANCO; BRUNO TRINITARIO,1.0,profesor+nombre
sistemas distribuidos t,Sistemas Distribuidos T,1,SISTEMAS DISTRIBUIDOS,6B7,"HINOJAL, HERNAN",0.823,Sistemas Distribuidos (Plan 2010),MARTIN IGNACIO CASAS; JOSE MARIANO FINOCHIETTO; HERNAN HINOJAL; JOAQUIN LEON MARTINEZ FRANCO; BRUNO TRINITARIO,1.0,profesor+nombre
sistemas embebidos,sistemas embebidos,2,SISTEMAS EMBEBIDOS,4F6,"RABIOGLIO, LUCAS",1.0,Sistemas Embebidos (Plan 2010),Nicolas Ariel Gutierrez; RAUL EDUARDO LOPRESTI; LUCAS ANDRES RABIOGLIO,1.0,profesor+nombre
sistemas propulsivos i,sistemas propulsivos I,2,SISTEMAS DE COMPUTACIÓN DISTRIBUIDOS I,4 E 4,"MILETA, SRECKO",0.58,Sistemas de Computación Distribuidos I (Plan 2010),HERNAN HINOJAL; SRECKO ESTANISLAO MILETA,1.0,profesor+nombre
taller de ingenieria ii,taller de ingenieria II,2,TALLER DE INGENIERÍA II,ING1503,"CERÉ, SILVIA",1.0,Taller de Ingeniería II (Plan 2024),LUIS MARTIN CANTALUPI; ULISES MARTIN CASADO; SILVIA MARCELA CERE; JULIETA DEL HOYO; CARLOS GUSTAVO DIAZ; JOSE CANDIDO GALLO; LORENA PAOLA MANFREDI; PABLO EZEQUIEL MONTEMARTINI; SILVINA PEREZ; EZEQUIEL RODOLFO SOULE,1.0,profesor+nombre
taller de ingeniería i,Taller de Ingeniería I,1,TALLER DE INGENIERÍA I,ING1502,"FANOVICH, ALEJANDRA",1.0,Taller de Ingeniería I (Plan 2024),MARIA VELIA ARTIGAS; MARIA ALEJANDRA FANOVICH; MARIA GABRIELA GOÑI; MARIANINA PEREZ CENCI; CAROLINA ROMIGLIO,1.0,profesor+nombre
taller ingeniería iii,Taller Ingeniería III,1,TALLER DE INGENIERÍA I,ING1502,"FANOVICH, ALEJANDRA",0.709,Taller de Ingeniería I (Plan 2024),MARIA VELIA ARTIGAS; MARIA ALEJANDRA FANOVICH; MARIA GABRIELA GOÑI; MARIANINA PEREZ CENCI; CAROLINA ROMIGLIO,1.0,profesor+nombre
tecn.cad aplicada,tecn.CAD aplicada-(T),1,TÉCNICAS DE CREATIVIDAD APLICADA,1QP,"DEL HOYO, JULIETA",0.678,Técnicas de Creatividad Aplicada,LUIS MARTIN CANTALUPI; JULIETA DEL HOYO; MELINA IVANA HANKOVITS; MARIA PAULA REARTE ZURLO,1.0,profesor+nombre
tecn.de analisis fisicoquimicas,tecn.de analisis fisicoquimicas-(T),1,FISICOQUÍMICA,1TC,"MIGUEL, MARIA DE LA PAZ",0.52,Fisicoquímica (Plan 2003),LUCILA INES DOUMIC; MAGDALENA LUZ IGLESIAS MONTES; LUCIANA MALBOS; MARIA DE LA PAZ MIGUEL; LUCIA YOHAI DEL CERRO,1.0,profesor+nombre
tecn.de creatividad aplic,tecn.de creatividad aplic.(TP),1,TÉCNICAS DE CREATIVIDAD APLICADA,1QP,"DEL HOYO, JULIETA",0.979,Técnicas de Creatividad Aplicada,LUIS MARTIN CANTALUPI; JULIETA DEL HOYO; MELINA IVANA HANKOVITS; MARIA PAULA REARTE ZURLO,1.0,profesor+nombre
tecn.y diseño de mater.de const,"tecn.y diseño de mater.de const,-(T)",1,TECNOLOGÍA Y DISEÑO DE MATERIALES DE,591,"STEFANI, PABLO",0.834,Tecnología y Diseño  de Materiales de Construcción,GABRIELA CLARISA CAMPOS; PABLO MARCELO STEFANI,0.85,profesor+nombre
tecnicas de analisis fisicoquimica,tecnicas de analisis fisicoquimica-(TP),2,FISICOQUÍMICA,1TC,"MIGUEL, MARIA DE LA PAZ",0.514,Fisicoquímica (Plan 2003),LUCILA INES DOUMIC; MAGDALENA LUZ IGLESIAS MONTES; LUCIANA MALBOS; MARIA DE LA PAZ MIGUEL; LUCIA YOHAI DEL CERRO,1.0,profesor+nombre
tecnologia,tecnologia,1,TECNOLOGÍA,4B0,"ARNONE, LEONARDO",1.0,Tecnología (Plan 2003),LEONARDO JOSE ARNONE; NOELIA INES ECHEVERRIA,1.0,profesor+nombre
tecnologia mecanica,tecnologia mecanica(T-P),1,TECNOLOGÍA MECÁNICA I,2B2,"SOSA, DANIEL",0.823,Tecnología mecánica II (Plan 2003),DIEGO COLOMBO; AMADEO DANIEL SOSA,0.71,profesor+nombre
tecnologia mecanica ii,tecnologia mecanica II,1,TECNOLOGÍA MECÁNICA II,2B4,"COLOMBO, DIEGO A.",1.0,Tecnología mecánica II (Plan 2003),DIEGO COLOMBO; AMADEO DANIEL SOSA,1.0,profesor+nombre
tecnologias informaticas a ii,tecnologias informaticas A II (TP) com:1,6,TECNOLOGÍAS INFORMÁTICAS A,ING6301,"DI CROCE, VALERIA",0.873,Tecnologías Informáticas A (ING6301) (Plan 2024),VALERIA ALEJANDRA DI CROCE; FRANCO LANZILLOTTA; CARLOS ALBERTO RICO; ADOLFO TOMAS SPINELLI,1.0,codigo+nombre
tecnologias informaticas b ii,tecnologias informaticas B II(T),4,TECNOLOGÍAS INFORMÁTICAS B,ING6302,"GENIN, FERNANDO",0.873,Tecnologías Informáticas B (ING6302) (Plan 2024),FERNANDO JAVIER GENIN; GABRIEL NICOLAS GONZALEZ FERREIRA,1.0,codigo+profesor+nombre
tecnología de control,Tecnología de Control,1,TECNOLOGÍA,4B0,"ARNONE, LEONARDO",0.674,Tecnología (Plan 2003),LEONARDO JOSE ARNONE; NOELIA INES ECHEVERRIA,1.0,profesor+nombre
teoria de la información,Teoria de la Información,4,TEORÍA DE LA INFORMACIÓN,6B1,"SPINELLI, ADOLFO TOMAS",1.0,Teorías de la Información y la Comunicación (Plan 2024) / Teoría de la Información (Plan 2010),FRANCO LANZILLOTTA; AUGUSTO MALETTA; ADOLFO TOMAS SPINELLI,1.0,profesor+nombre
teoria de señales y sistemas,teoria de señales y sistemas,3,TEORÍA DE SEÑALES Y SISTEMAS,ING4205,"ABRAS, GUILLERMO",1.0,Teoría de Señales y Sistemas (Plan 2024) / Señales y Sistemas (Plan 2003),GUILLERMO NESTOR ABRAS; JORGE GABRIEL CALCAGNO; LUCIANO DI IORIO; ESTEBAN MANRUPE; GERMAN ALFREDO PECKER,1.0,profesor+nombre
termodinamica (mater.),termodinamica (mater.),1,TERMODINÁMICA DE MATERIALES,ING5205,"STEFANI, PABLO",0.983,Termodinámica de Materiales (Plan 2024) / Química Física (Plan 2003),MARIANA BERRUET; ADRIAN ALBERTO CRISTOBAL; CARLOS GUSTAVO DIAZ; MARIA CAMILA QUINTANA; PABLO MARCELO STEFANI,1.0,profesor+nombre
termodinamica i (alim.),termodinamica I (alim.)-P,1,TERMODINÁMICA DE ALIMENTOS I,ING1207,"SCHROEDER, WALTER",0.97,Termodinámica de Alimentos I (Plan 2024),MARINA CZERNER; AILIN MATEOS; WALTER FABIAN SCHROEDER,1.0,profesor+nombre
termodinamica i(alim.),Termodinamica I(alim.)(T),1,TERMODINÁMICA DE ALIMENTOS I,ING1207,"SCHROEDER, WALTER",0.97,Termodinámica de Alimentos I (Plan 2024),MARINA CZERNER; AILIN MATEOS; WALTER FABIAN SCHROEDER,1.0,profesor+nombre
termodinamica(mat.),termodinamica(mat.) (TP),1,TERMODINÁMICA DE MATERIALES,ING5205,"STEFANI, PABLO",0.974,Termodinámica de Materiales (Plan 2024) / Química Física (Plan 2003),MARIANA BERRUET; ADRIAN ALBERTO CRISTOBAL; CARLOS GUSTAVO DIAZ; MARIA CAMILA QUINTANA; PABLO MARCELO STEFANI,1.0,profesor+nombre
termodinámica i,Termodinámica I (TP),1,TERMODINÁMICA DE ALIMENTOS I,ING1207,"SCHROEDER, WALTER",0.792,Termodinámica de Alimentos I (Plan 2024),MARINA CZERNER; AILIN MATEOS; WALTER FABIAN SCHROEDER,1.0,profesor+nombre
termodinámica industrial,Termodinámica Industrial,2,TERMODINÁMICA INDUSTRIAL,ING2221,"CALDERA, MARTIN",1.0,Termodinámica Industrial (Plan 2024) / Introducción a la Termodinámica y Máquinas Térmicas (Plan 2024) / Termodinámica y Máquinas Térmicas (Plan 2003),MARTIN MIGUEL APESTEGUIA; MARTIN CALDERA; FAVIO ALEJANDRO CAMILLETTI; DIEGO HERNAN SANTIAGO; MATIAS JOSE VALLELUNGA,1.0,profesor+nombre
trabajo final (alim),Trabajo Final (alim),1,TRABAJO FINAL ING. EN ALIMENTOS,1PA,"TOMAC, ALEJANDRA",0.849,Trabajo Final de Ingeniería en Alimentos,Marion Daniela Marchetti; SILVINA PEREZ; MARIANINA PEREZ CENCI; ALEJANDRA TOMAC,0.983,profesor+nombre
trabajo final (ind),Trabajo Final (ind)-TP,2,TRABAJO FINAL ING. INDUSTRIAL,863,"LAVILLE, DANIEL",0.842,Trabajo Final,MARIELA BEATRIZ AMBRUSTOLO; MARIA VELIA ARTIGAS; LEONARDO GUSTAVO BANDERA; MARIA BETINA BERARDI; IGNACIO DANIEL BOLOQUY; JACQUELINE ANDREA BOUNOURE; FEDERICO CAMINO; GUILLERMO ADRIAN CARRIZO; MARIO CISNEROS; MARIA VICTORIA D'ONOFRIO; RICARDO DANIEL DE ELORZA; PABLO ARIEL DELMONTE; ALEJANDRA MARIA ESTEBAN; MELISA ANDREA GLESSI; JEREMIAS JUAN ISPIZUA; DANIEL RICARDO LAVILLE; ALBERTO MANUEL LOPEZ; MAURICIO JAVIER MACKENZIE; JOSE ISAAC MELIAN; MARINA ALEJANDRA MIGUELES; CAROLINA MONTAÑA (Administración DII); OSCAR ANTONIO MORCELA; CARLOS JOAQUIN NEGRI; JOSE IGNACIO NICOLAO GARCIA; ADOLFO EDUARDO ONAINE; NICOLAS AGUSTIN PALERMO; PAOLA PRESTES; LUCIANA SOLEDAD SANTILLE; MARCOS GERMAN SCHUALLE; LUCIANA BELEN TABONE; GUILLERMO GABRIEL VALOTTO; JUAN PABLO VIGNOLO,0.662,profesor+nombre
trabajo final (qca),Trabajo Final (Qca)-T,1,TRABAJO FINAL,4D0,"UICICH, GUSTAVO",0.81,Trabajo Final. Ing Electrónica (4D0) / Ing Computación (4F0) (Planes 2003-2010),MARIA ALEJANDRA RIVERO; PABLO FEDERICO GABRI SILVONI; GUSTAVO CESAR UICICH; ALEJANDRO JOSE URIZ,0.66,codigo+profesor+nombre
trabajo final qca,Trabajo Final Qca ( P),1,TRABAJO FINAL,4D0,"UICICH, GUSTAVO",0.81,Trabajo Final. Ing Electrónica (4D0) / Ing Computación (4F0) (Planes 2003-2010),MARIA ALEJANDRA RIVERO; PABLO FEDERICO GABRI SILVONI; GUSTAVO CESAR UICICH; ALEJANDRO JOSE URIZ,0.66,codigo+profesor+nombre
trabajo final química t,Trabajo Final Química T,1,TRABAJO FINAL ING. QUÍMICA,1PQ,"MARCOVICH, NORMA SOULE, EZEQUIEL",0.769,Trabajo Final de Ingeniería Química,NORMA ESTHER MARCOVICH; MAXIMILIANO PELLASIO; EZEQUIEL RODOLFO SOULE,0.982,profesor+nombre
transferencia de masa,Transferencia de Masa,2,TRANSFERENCIA DE MASA,1OB,"PENOFF, ELISABETH",1.0,"Transferencia de Masa, Transferencia de Masa en alimentos",MARIA ALEJANDRA AYUDE; DAVID ALBERTO D'AMICO; MAGDALENA LUZ IGLESIAS MONTES; MELINA KLOSTER; MANUEL MARTINEZ; MARCELA ELISABETH PENOFF; IARA PUGLIA; Lautaro Teper Marinelli; ILEANA ALICIA ZUCCHI,0.569,profesor+nombre
transmision del ee,transmision del EE,2,MEDIOS DE TRANSMISIÓN,4B5,"URIZ, ALEJANDRO",0.528,Líneas de Transmisión y Antenas (Plan 2024),Ramiro Avalos Ribas; JORGE CASTIÑEIRA MOREIRA; JUAN ALBERTO ETCHEVERRY; ALEJANDRO JOSE URIZ,0.435,profesor
trat.de efluentes liq,trat.de efluentes liq.(TP),1,TRATAMIENTO DE EFLUENTES LÍQUIDOS,1QL,"MURIALDO, SILVIA",0.962,Tratamiento de Efluentes Líquidos (Plan 2003),SEBASTIAN BONANNI; EDGARDO MARTÍN CONTRERAS; JESICA MICAELA HERRERA; SILVIA ELENA MURIALDO,1.0,profesor+nombre
álgebra ii a1 p,Álgebra II A1 P,1,ÁLGEBRA II,INGM10,"MARTÍNEZ, PATRICIA",0.815,Álgebra II,JOSE CAMPOS; ANABELLA SOLEDAD DI MARCO; VANESA GISELE GALLI; PATRICIA MONICA MARTINEZ; GERMAN ALFREDO PECKER; MARIA FLORENCIA VECCIA,1.0,profesor+nombre
álgebra ii a1 t,Álgebra II A1 T,1,ÁLGEBRA II,INGM10,"MARTÍNEZ, PATRICIA",0.815,Álgebra II,JOSE CAMPOS; ANABELLA SOLEDAD DI MARCO; VANESA GISELE GALLI; PATRICIA MONICA MARTINEZ; GERMAN ALFREDO PECKER; MARIA FLORENCIA VECCIA,1.0,profesor+nombre
álgebra ii a2 p,Álgebra II A2 P,1,ÁLGEBRA II,INGM10,"MARTÍNEZ, PATRICIA",0.815,Álgebra II,JOSE CAMPOS; ANABELLA SOLEDAD DI MARCO; VANESA GISELE GALLI; PATRICIA MONICA MARTINEZ; GERMAN ALFREDO PECKER; MARIA FLORENCIA VECCIA,1.0,profesor+nombre
álgebra ii a3,Álgebra II A3 ( P),1,ÁLGEBRA II,INGM10,"MARTÍNEZ, PATRICIA",1.0,Álgebra II,JOSE CAMPOS; ANABELLA SOLEDAD DI MARCO; VANESA GISELE GALLI; PATRICIA MONICA MARTINEZ; GERMAN ALFREDO PECKER; MARIA FLORENCIA VECCIA,1.0,profesor+nombre
álgebra ii a3 p,Álgebra II A3 P,1,ÁLGEBRA II,INGM10,"MARTÍNEZ, PATRICIA",0.815,Álgebra II,JOSE CAMPOS; ANABELLA SOLEDAD DI MARCO; VANESA GISELE GALLI; PATRICIA MONICA MARTINEZ; GERMAN ALFREDO PECKER; MARIA FLORENCIA VECCIA,1.0,profesor+nombre
álgebra ii a3 t,Álgebra II A3 T,1,ÁLGEBRA II,INGM10,"MARTÍNEZ, PATRICIA",0.815,Álgebra II,JOSE CAMPOS; ANABELLA SOLEDAD DI MARCO; VANESA GISELE GALLI; PATRICIA MONICA MARTINEZ; GERMAN ALFREDO PECKER; MARIA FLORENCIA VECCIA,1.0,profesor+nombre
